Title,Score,URL,Created,Stock,Sentiment
Positive sentiment for AAPL after earnings!,586,https://www.reddit.com/r/stocks/comments/22988432,2020-01-02,AAPL,0.500437379069242
MSFT shows mixed signals in the market.,400,https://www.reddit.com/r/stocks/comments/50687141,2020-01-02,MSFT,-0.4184658794352558
GOOGL shows mixed signals in the market.,14,https://www.reddit.com/r/stocks/comments/70191033,2020-01-02,GOOGL,-0.03732599313490481
AMZN shows mixed signals in the market.,455,https://www.reddit.com/r/stocks/comments/58948443,2020-01-02,AMZN,0.35437536896549404
TSLA shows mixed signals in the market.,380,https://www.reddit.com/r/stocks/comments/68127404,2020-01-02,TSLA,0.47381721377257136
Negative outlook on AAPL performance!,269,https://www.reddit.com/r/stocks/comments/36232051,2020-01-03,AAPL,-0.8978125663306016
Negative outlook on MSFT performance!,883,https://www.reddit.com/r/stocks/comments/24752126,2020-01-03,MSFT,-0.5337060422624806
GOOGL shows mixed signals in the market.,158,https://www.reddit.com/r/stocks/comments/61463699,2020-01-03,GOOGL,-0.27306888315913147
Positive sentiment for AMZN after earnings!,749,https://www.reddit.com/r/stocks/comments/12812203,2020-01-03,AMZN,0.5074959559106296
Positive sentiment for TSLA after earnings!,996,https://www.reddit.com/r/stocks/comments/21955421,2020-01-03,TSLA,0.7464953585957794
Positive sentiment for AAPL after earnings!,726,https://www.reddit.com/r/stocks/comments/25518764,2020-01-04,AAPL,0.5646104171333484
Positive sentiment for MSFT after earnings!,937,https://www.reddit.com/r/stocks/comments/68651988,2020-01-04,MSFT,0.6864878125466203
Negative outlook on GOOGL performance!,159,https://www.reddit.com/r/stocks/comments/84502947,2020-01-04,GOOGL,-0.9603045436683584
AMZN shows mixed signals in the market.,136,https://www.reddit.com/r/stocks/comments/50834304,2020-01-04,AMZN,0.040346622501880036
TSLA shows mixed signals in the market.,421,https://www.reddit.com/r/stocks/comments/93047962,2020-01-04,TSLA,-0.2630981514811854
AAPL shows mixed signals in the market.,284,https://www.reddit.com/r/stocks/comments/17990047,2020-01-05,AAPL,-0.39959264020600815
MSFT shows mixed signals in the market.,582,https://www.reddit.com/r/stocks/comments/52895784,2020-01-05,MSFT,-0.08816643541203417
Negative outlook on GOOGL performance!,441,https://www.reddit.com/r/stocks/comments/39902082,2020-01-05,GOOGL,-0.7730404941712796
Negative outlook on AMZN performance!,957,https://www.reddit.com/r/stocks/comments/54768679,2020-01-05,AMZN,-0.5964591372484995
Negative outlook on TSLA performance!,153,https://www.reddit.com/r/stocks/comments/87333806,2020-01-05,TSLA,-0.7444383982122604
AAPL shows mixed signals in the market.,812,https://www.reddit.com/r/stocks/comments/86784700,2020-01-06,AAPL,0.15573383488206227
MSFT shows mixed signals in the market.,84,https://www.reddit.com/r/stocks/comments/84786997,2020-01-06,MSFT,-0.08115142915912754
Negative outlook on GOOGL performance!,93,https://www.reddit.com/r/stocks/comments/13896072,2020-01-06,GOOGL,-0.7342130493853065
AMZN shows mixed signals in the market.,124,https://www.reddit.com/r/stocks/comments/25950227,2020-01-06,AMZN,-0.3613560778155549
TSLA shows mixed signals in the market.,748,https://www.reddit.com/r/stocks/comments/49302856,2020-01-06,TSLA,-0.11446511699702233
AAPL shows mixed signals in the market.,474,https://www.reddit.com/r/stocks/comments/67532220,2020-01-07,AAPL,0.07228613822161822
Positive sentiment for MSFT after earnings!,435,https://www.reddit.com/r/stocks/comments/89634279,2020-01-07,MSFT,0.8668500596967543
GOOGL shows mixed signals in the market.,568,https://www.reddit.com/r/stocks/comments/96389838,2020-01-07,GOOGL,-0.30326837212481195
Positive sentiment for AMZN after earnings!,178,https://www.reddit.com/r/stocks/comments/72721595,2020-01-07,AMZN,0.5831825147088958
Negative outlook on TSLA performance!,11,https://www.reddit.com/r/stocks/comments/82598047,2020-01-07,TSLA,-0.7866390651984563
Positive sentiment for AAPL after earnings!,316,https://www.reddit.com/r/stocks/comments/42387712,2020-01-08,AAPL,0.6983875918988858
MSFT shows mixed signals in the market.,741,https://www.reddit.com/r/stocks/comments/80480236,2020-01-08,MSFT,0.010219546601551777
Positive sentiment for GOOGL after earnings!,629,https://www.reddit.com/r/stocks/comments/65459892,2020-01-08,GOOGL,0.7338237950246187
AMZN shows mixed signals in the market.,198,https://www.reddit.com/r/stocks/comments/12839998,2020-01-08,AMZN,-0.25065845055894664
Negative outlook on TSLA performance!,463,https://www.reddit.com/r/stocks/comments/51686950,2020-01-08,TSLA,-0.8763299175118735
AAPL shows mixed signals in the market.,662,https://www.reddit.com/r/stocks/comments/75610273,2020-01-09,AAPL,-0.09060118653689453
MSFT shows mixed signals in the market.,702,https://www.reddit.com/r/stocks/comments/45124904,2020-01-09,MSFT,-0.49077803818423016
Positive sentiment for GOOGL after earnings!,419,https://www.reddit.com/r/stocks/comments/77125651,2020-01-09,GOOGL,0.7648330076088046
AMZN shows mixed signals in the market.,148,https://www.reddit.com/r/stocks/comments/36292436,2020-01-09,AMZN,0.440567644519261
Negative outlook on TSLA performance!,64,https://www.reddit.com/r/stocks/comments/36251256,2020-01-09,TSLA,-0.9691965857076004
Positive sentiment for AAPL after earnings!,548,https://www.reddit.com/r/stocks/comments/59091276,2020-01-10,AAPL,0.983706953847987
MSFT shows mixed signals in the market.,355,https://www.reddit.com/r/stocks/comments/76740073,2020-01-10,MSFT,0.43196295003334884
GOOGL shows mixed signals in the market.,429,https://www.reddit.com/r/stocks/comments/17258630,2020-01-10,GOOGL,0.31656882486430415
AMZN shows mixed signals in the market.,343,https://www.reddit.com/r/stocks/comments/20520438,2020-01-10,AMZN,0.0046149398741861525
TSLA shows mixed signals in the market.,491,https://www.reddit.com/r/stocks/comments/63375751,2020-01-10,TSLA,-0.4132568791212521
AAPL shows mixed signals in the market.,253,https://www.reddit.com/r/stocks/comments/70323057,2020-01-11,AAPL,-0.33619269188536993
MSFT shows mixed signals in the market.,533,https://www.reddit.com/r/stocks/comments/95618582,2020-01-11,MSFT,0.27006721433415604
GOOGL shows mixed signals in the market.,440,https://www.reddit.com/r/stocks/comments/98953083,2020-01-11,GOOGL,0.20369895389180637
AMZN shows mixed signals in the market.,957,https://www.reddit.com/r/stocks/comments/74645575,2020-01-11,AMZN,0.38494083636460674
TSLA shows mixed signals in the market.,957,https://www.reddit.com/r/stocks/comments/84232167,2020-01-11,TSLA,0.18052106879935836
Negative outlook on AAPL performance!,561,https://www.reddit.com/r/stocks/comments/22159053,2020-01-12,AAPL,-0.5810239562409445
Negative outlook on MSFT performance!,951,https://www.reddit.com/r/stocks/comments/84100959,2020-01-12,MSFT,-0.6947169448900818
Positive sentiment for GOOGL after earnings!,41,https://www.reddit.com/r/stocks/comments/69551213,2020-01-12,GOOGL,0.9821179145217618
AMZN shows mixed signals in the market.,427,https://www.reddit.com/r/stocks/comments/27686368,2020-01-12,AMZN,0.15798078538238647
TSLA shows mixed signals in the market.,120,https://www.reddit.com/r/stocks/comments/99554082,2020-01-12,TSLA,-0.17591980468445367
AAPL shows mixed signals in the market.,464,https://www.reddit.com/r/stocks/comments/53377236,2020-01-13,AAPL,-0.414452488755946
MSFT shows mixed signals in the market.,133,https://www.reddit.com/r/stocks/comments/94884387,2020-01-13,MSFT,-0.45584662726657754
Positive sentiment for GOOGL after earnings!,147,https://www.reddit.com/r/stocks/comments/80347673,2020-01-13,GOOGL,0.8924696107915528
AMZN shows mixed signals in the market.,392,https://www.reddit.com/r/stocks/comments/41185209,2020-01-13,AMZN,-0.07100293217325149
Positive sentiment for TSLA after earnings!,7,https://www.reddit.com/r/stocks/comments/98401214,2020-01-13,TSLA,0.7111435692680848
Positive sentiment for AAPL after earnings!,390,https://www.reddit.com/r/stocks/comments/84495858,2020-01-14,AAPL,0.6136208177757982
Negative outlook on MSFT performance!,861,https://www.reddit.com/r/stocks/comments/62789923,2020-01-14,MSFT,-0.5591643954229659
GOOGL shows mixed signals in the market.,463,https://www.reddit.com/r/stocks/comments/25623113,2020-01-14,GOOGL,-0.4866778990926677
AMZN shows mixed signals in the market.,891,https://www.reddit.com/r/stocks/comments/31835653,2020-01-14,AMZN,-0.3339004324128323
Negative outlook on TSLA performance!,390,https://www.reddit.com/r/stocks/comments/86174384,2020-01-14,TSLA,-0.5746380461147604
AAPL shows mixed signals in the market.,844,https://www.reddit.com/r/stocks/comments/27386987,2020-01-15,AAPL,-0.23974203853318143
MSFT shows mixed signals in the market.,163,https://www.reddit.com/r/stocks/comments/15782506,2020-01-15,MSFT,-0.3296061399666905
GOOGL shows mixed signals in the market.,127,https://www.reddit.com/r/stocks/comments/62943815,2020-01-15,GOOGL,-0.09988817200033129
Negative outlook on AMZN performance!,918,https://www.reddit.com/r/stocks/comments/21186544,2020-01-15,AMZN,-0.7280856886534879
TSLA shows mixed signals in the market.,270,https://www.reddit.com/r/stocks/comments/80652083,2020-01-15,TSLA,-0.45161172332538113
Negative outlook on AAPL performance!,650,https://www.reddit.com/r/stocks/comments/41521962,2020-01-16,AAPL,-0.6352171090955905
MSFT shows mixed signals in the market.,398,https://www.reddit.com/r/stocks/comments/20889715,2020-01-16,MSFT,-0.3846627008344734
GOOGL shows mixed signals in the market.,276,https://www.reddit.com/r/stocks/comments/51650668,2020-01-16,GOOGL,0.25564091965284264
Positive sentiment for AMZN after earnings!,552,https://www.reddit.com/r/stocks/comments/55529250,2020-01-16,AMZN,0.6544948789645519
TSLA shows mixed signals in the market.,684,https://www.reddit.com/r/stocks/comments/46536664,2020-01-16,TSLA,-0.2386572566099303
AAPL shows mixed signals in the market.,21,https://www.reddit.com/r/stocks/comments/32250301,2020-01-17,AAPL,-0.059857471626110215
MSFT shows mixed signals in the market.,322,https://www.reddit.com/r/stocks/comments/23729739,2020-01-17,MSFT,0.28797726987180683
GOOGL shows mixed signals in the market.,307,https://www.reddit.com/r/stocks/comments/10248496,2020-01-17,GOOGL,-0.4026543003118621
AMZN shows mixed signals in the market.,520,https://www.reddit.com/r/stocks/comments/46485903,2020-01-17,AMZN,-0.05322387512008486
TSLA shows mixed signals in the market.,259,https://www.reddit.com/r/stocks/comments/59272339,2020-01-17,TSLA,0.17029366304253268
Negative outlook on AAPL performance!,890,https://www.reddit.com/r/stocks/comments/11270535,2020-01-18,AAPL,-0.72491467347701
MSFT shows mixed signals in the market.,804,https://www.reddit.com/r/stocks/comments/50594514,2020-01-18,MSFT,-0.4123179519513889
Negative outlook on GOOGL performance!,402,https://www.reddit.com/r/stocks/comments/79111019,2020-01-18,GOOGL,-0.6044632766777314
Positive sentiment for AMZN after earnings!,739,https://www.reddit.com/r/stocks/comments/93283944,2020-01-18,AMZN,0.7667779031688973
Positive sentiment for TSLA after earnings!,590,https://www.reddit.com/r/stocks/comments/81727602,2020-01-18,TSLA,0.8786253632793217
Positive sentiment for AAPL after earnings!,496,https://www.reddit.com/r/stocks/comments/62156892,2020-01-19,AAPL,0.7023921009673926
Negative outlook on MSFT performance!,780,https://www.reddit.com/r/stocks/comments/61768604,2020-01-19,MSFT,-0.6183631664793723
Positive sentiment for GOOGL after earnings!,234,https://www.reddit.com/r/stocks/comments/93436717,2020-01-19,GOOGL,0.6966034648481332
AMZN shows mixed signals in the market.,501,https://www.reddit.com/r/stocks/comments/61983373,2020-01-19,AMZN,-0.09532557650948315
Positive sentiment for TSLA after earnings!,811,https://www.reddit.com/r/stocks/comments/46114333,2020-01-19,TSLA,0.5104028754069394
Negative outlook on AAPL performance!,646,https://www.reddit.com/r/stocks/comments/49958366,2020-01-20,AAPL,-0.886299627027415
Negative outlook on MSFT performance!,782,https://www.reddit.com/r/stocks/comments/54312003,2020-01-20,MSFT,-0.7008868562467265
GOOGL shows mixed signals in the market.,889,https://www.reddit.com/r/stocks/comments/38670617,2020-01-20,GOOGL,0.20281442972431907
Positive sentiment for AMZN after earnings!,158,https://www.reddit.com/r/stocks/comments/59394627,2020-01-20,AMZN,0.6153453137343035
Negative outlook on TSLA performance!,31,https://www.reddit.com/r/stocks/comments/27476789,2020-01-20,TSLA,-0.5050837097036784
Negative outlook on AAPL performance!,746,https://www.reddit.com/r/stocks/comments/97213709,2020-01-21,AAPL,-0.7464483853583763
MSFT shows mixed signals in the market.,79,https://www.reddit.com/r/stocks/comments/76436181,2020-01-21,MSFT,-0.4548982800016834
GOOGL shows mixed signals in the market.,115,https://www.reddit.com/r/stocks/comments/65601895,2020-01-21,GOOGL,-0.293659707303054
AMZN shows mixed signals in the market.,181,https://www.reddit.com/r/stocks/comments/88863097,2020-01-21,AMZN,0.28774725795373257
TSLA shows mixed signals in the market.,87,https://www.reddit.com/r/stocks/comments/27248660,2020-01-21,TSLA,0.3103116436534714
Negative outlook on AAPL performance!,407,https://www.reddit.com/r/stocks/comments/18923039,2020-01-22,AAPL,-0.5825219821606937
Positive sentiment for MSFT after earnings!,508,https://www.reddit.com/r/stocks/comments/68871782,2020-01-22,MSFT,0.7678278289001617
GOOGL shows mixed signals in the market.,362,https://www.reddit.com/r/stocks/comments/58112848,2020-01-22,GOOGL,0.06738945209047187
AMZN shows mixed signals in the market.,411,https://www.reddit.com/r/stocks/comments/84881161,2020-01-22,AMZN,-0.11226475625585386
Negative outlook on TSLA performance!,813,https://www.reddit.com/r/stocks/comments/23837424,2020-01-22,TSLA,-0.8341830040544547
AAPL shows mixed signals in the market.,409,https://www.reddit.com/r/stocks/comments/17724115,2020-01-23,AAPL,-0.18310848895034648
Negative outlook on MSFT performance!,989,https://www.reddit.com/r/stocks/comments/64464260,2020-01-23,MSFT,-0.8870973905607964
Positive sentiment for GOOGL after earnings!,425,https://www.reddit.com/r/stocks/comments/25763874,2020-01-23,GOOGL,0.549499662344533
Positive sentiment for AMZN after earnings!,111,https://www.reddit.com/r/stocks/comments/48273340,2020-01-23,AMZN,0.9130898708427893
Negative outlook on TSLA performance!,235,https://www.reddit.com/r/stocks/comments/91419955,2020-01-23,TSLA,-0.7338251338400856
Positive sentiment for AAPL after earnings!,898,https://www.reddit.com/r/stocks/comments/45901537,2020-01-24,AAPL,0.8210158179255067
MSFT shows mixed signals in the market.,40,https://www.reddit.com/r/stocks/comments/91948232,2020-01-24,MSFT,-0.20173539901689774
Negative outlook on GOOGL performance!,952,https://www.reddit.com/r/stocks/comments/88899686,2020-01-24,GOOGL,-0.8595470329152792
AMZN shows mixed signals in the market.,901,https://www.reddit.com/r/stocks/comments/29649376,2020-01-24,AMZN,0.3854337671356516
TSLA shows mixed signals in the market.,789,https://www.reddit.com/r/stocks/comments/29405122,2020-01-24,TSLA,0.43167142523096613
Positive sentiment for AAPL after earnings!,559,https://www.reddit.com/r/stocks/comments/31167134,2020-01-25,AAPL,0.8653667244158876
Positive sentiment for MSFT after earnings!,243,https://www.reddit.com/r/stocks/comments/94723299,2020-01-25,MSFT,0.7157360356963667
Positive sentiment for GOOGL after earnings!,781,https://www.reddit.com/r/stocks/comments/16155367,2020-01-25,GOOGL,0.8613846856285305
AMZN shows mixed signals in the market.,540,https://www.reddit.com/r/stocks/comments/89469075,2020-01-25,AMZN,-0.4355574774722939
Positive sentiment for TSLA after earnings!,800,https://www.reddit.com/r/stocks/comments/56058182,2020-01-25,TSLA,0.683267367010882
Positive sentiment for AAPL after earnings!,233,https://www.reddit.com/r/stocks/comments/97226947,2020-01-26,AAPL,0.9193292446515473
Positive sentiment for MSFT after earnings!,879,https://www.reddit.com/r/stocks/comments/76704029,2020-01-26,MSFT,0.7429454630935879
Positive sentiment for GOOGL after earnings!,449,https://www.reddit.com/r/stocks/comments/33537538,2020-01-26,GOOGL,0.5866685122538202
Negative outlook on AMZN performance!,231,https://www.reddit.com/r/stocks/comments/53631512,2020-01-26,AMZN,-0.8336792736900283
TSLA shows mixed signals in the market.,224,https://www.reddit.com/r/stocks/comments/94609054,2020-01-26,TSLA,0.41325076074226574
Negative outlook on AAPL performance!,110,https://www.reddit.com/r/stocks/comments/39075003,2020-01-27,AAPL,-0.5772582592227333
MSFT shows mixed signals in the market.,731,https://www.reddit.com/r/stocks/comments/62113766,2020-01-27,MSFT,-0.15220279641058987
GOOGL shows mixed signals in the market.,862,https://www.reddit.com/r/stocks/comments/51142001,2020-01-27,GOOGL,-0.3997096671903704
Positive sentiment for AMZN after earnings!,630,https://www.reddit.com/r/stocks/comments/94503795,2020-01-27,AMZN,0.646808222956027
TSLA shows mixed signals in the market.,821,https://www.reddit.com/r/stocks/comments/15029203,2020-01-27,TSLA,0.48562321481306747
AAPL shows mixed signals in the market.,682,https://www.reddit.com/r/stocks/comments/71430532,2020-01-28,AAPL,-0.2670208189178851
Positive sentiment for MSFT after earnings!,931,https://www.reddit.com/r/stocks/comments/80472788,2020-01-28,MSFT,0.6870349256575679
Positive sentiment for GOOGL after earnings!,679,https://www.reddit.com/r/stocks/comments/12686683,2020-01-28,GOOGL,0.735451419797313
AMZN shows mixed signals in the market.,928,https://www.reddit.com/r/stocks/comments/70723650,2020-01-28,AMZN,0.21164496579793823
Negative outlook on TSLA performance!,243,https://www.reddit.com/r/stocks/comments/82038535,2020-01-28,TSLA,-0.690861623495012
AAPL shows mixed signals in the market.,815,https://www.reddit.com/r/stocks/comments/14567425,2020-01-29,AAPL,0.3963002041501704
MSFT shows mixed signals in the market.,491,https://www.reddit.com/r/stocks/comments/64017600,2020-01-29,MSFT,-0.497265948579348
Positive sentiment for GOOGL after earnings!,582,https://www.reddit.com/r/stocks/comments/41201940,2020-01-29,GOOGL,0.7871413104536416
Positive sentiment for AMZN after earnings!,327,https://www.reddit.com/r/stocks/comments/24056128,2020-01-29,AMZN,0.696994712336741
Negative outlook on TSLA performance!,977,https://www.reddit.com/r/stocks/comments/32250942,2020-01-29,TSLA,-0.695304632799548
AAPL shows mixed signals in the market.,453,https://www.reddit.com/r/stocks/comments/32197595,2020-01-30,AAPL,-0.01951849223589286
Negative outlook on MSFT performance!,75,https://www.reddit.com/r/stocks/comments/41446225,2020-01-30,MSFT,-0.9901751157393028
Positive sentiment for GOOGL after earnings!,253,https://www.reddit.com/r/stocks/comments/15926180,2020-01-30,GOOGL,0.9159367406471555
Negative outlook on AMZN performance!,545,https://www.reddit.com/r/stocks/comments/39846101,2020-01-30,AMZN,-0.7812039688873893
Positive sentiment for TSLA after earnings!,61,https://www.reddit.com/r/stocks/comments/10124725,2020-01-30,TSLA,0.8834317098780415
AAPL shows mixed signals in the market.,148,https://www.reddit.com/r/stocks/comments/38838616,2020-01-31,AAPL,-0.44754508327929376
Negative outlook on MSFT performance!,371,https://www.reddit.com/r/stocks/comments/24752409,2020-01-31,MSFT,-0.6020212676969696
GOOGL shows mixed signals in the market.,197,https://www.reddit.com/r/stocks/comments/77231509,2020-01-31,GOOGL,-0.00899642349167662
AMZN shows mixed signals in the market.,138,https://www.reddit.com/r/stocks/comments/56329943,2020-01-31,AMZN,-0.10513369616619639
Negative outlook on TSLA performance!,600,https://www.reddit.com/r/stocks/comments/53277869,2020-01-31,TSLA,-0.6018384575353828
AAPL shows mixed signals in the market.,793,https://www.reddit.com/r/stocks/comments/63676475,2020-02-01,AAPL,0.3262366196969475
MSFT shows mixed signals in the market.,276,https://www.reddit.com/r/stocks/comments/50229421,2020-02-01,MSFT,-0.35280917938203205
Positive sentiment for GOOGL after earnings!,91,https://www.reddit.com/r/stocks/comments/23276111,2020-02-01,GOOGL,0.7743852141252388
Negative outlook on AMZN performance!,941,https://www.reddit.com/r/stocks/comments/61858262,2020-02-01,AMZN,-0.7162661956516096
Negative outlook on TSLA performance!,108,https://www.reddit.com/r/stocks/comments/35194015,2020-02-01,TSLA,-0.5017111388509976
AAPL shows mixed signals in the market.,186,https://www.reddit.com/r/stocks/comments/65617007,2020-02-02,AAPL,-0.2946716902835391
MSFT shows mixed signals in the market.,444,https://www.reddit.com/r/stocks/comments/34206914,2020-02-02,MSFT,-0.21775546107138677
GOOGL shows mixed signals in the market.,394,https://www.reddit.com/r/stocks/comments/31372319,2020-02-02,GOOGL,0.13909875124761362
Positive sentiment for AMZN after earnings!,847,https://www.reddit.com/r/stocks/comments/89439697,2020-02-02,AMZN,0.8840643601876048
TSLA shows mixed signals in the market.,637,https://www.reddit.com/r/stocks/comments/21383829,2020-02-02,TSLA,0.4784126979383361
AAPL shows mixed signals in the market.,499,https://www.reddit.com/r/stocks/comments/34018265,2020-02-03,AAPL,-0.4007847075385518
MSFT shows mixed signals in the market.,744,https://www.reddit.com/r/stocks/comments/35732909,2020-02-03,MSFT,-0.3099032868171636
GOOGL shows mixed signals in the market.,135,https://www.reddit.com/r/stocks/comments/89984969,2020-02-03,GOOGL,-0.40443846477415546
Positive sentiment for AMZN after earnings!,13,https://www.reddit.com/r/stocks/comments/69248446,2020-02-03,AMZN,0.8417746533037904
TSLA shows mixed signals in the market.,853,https://www.reddit.com/r/stocks/comments/67913284,2020-02-03,TSLA,0.31212466357727564
Negative outlook on AAPL performance!,238,https://www.reddit.com/r/stocks/comments/20390248,2020-02-04,AAPL,-0.6325411558839664
MSFT shows mixed signals in the market.,676,https://www.reddit.com/r/stocks/comments/17469297,2020-02-04,MSFT,0.3287442047045892
GOOGL shows mixed signals in the market.,942,https://www.reddit.com/r/stocks/comments/89179179,2020-02-04,GOOGL,0.19835914252117637
Positive sentiment for AMZN after earnings!,843,https://www.reddit.com/r/stocks/comments/99924741,2020-02-04,AMZN,0.8757509156056549
Negative outlook on TSLA performance!,330,https://www.reddit.com/r/stocks/comments/77420523,2020-02-04,TSLA,-0.9424525311114504
AAPL shows mixed signals in the market.,357,https://www.reddit.com/r/stocks/comments/22505814,2020-02-05,AAPL,-0.3256850417480017
MSFT shows mixed signals in the market.,878,https://www.reddit.com/r/stocks/comments/35094793,2020-02-05,MSFT,-0.43108774976687125
Negative outlook on GOOGL performance!,193,https://www.reddit.com/r/stocks/comments/45897060,2020-02-05,GOOGL,-0.8844967421741066
Negative outlook on AMZN performance!,290,https://www.reddit.com/r/stocks/comments/94274629,2020-02-05,AMZN,-0.9355328296364078
Negative outlook on TSLA performance!,773,https://www.reddit.com/r/stocks/comments/53046020,2020-02-05,TSLA,-0.8807083386330783
AAPL shows mixed signals in the market.,744,https://www.reddit.com/r/stocks/comments/29893156,2020-02-06,AAPL,-0.2733085606781307
Positive sentiment for MSFT after earnings!,723,https://www.reddit.com/r/stocks/comments/68951034,2020-02-06,MSFT,0.6030776684752945
GOOGL shows mixed signals in the market.,723,https://www.reddit.com/r/stocks/comments/25126870,2020-02-06,GOOGL,0.3925684426268783
AMZN shows mixed signals in the market.,585,https://www.reddit.com/r/stocks/comments/50277136,2020-02-06,AMZN,0.2773479870874991
TSLA shows mixed signals in the market.,833,https://www.reddit.com/r/stocks/comments/68650675,2020-02-06,TSLA,0.15616869472626993
AAPL shows mixed signals in the market.,924,https://www.reddit.com/r/stocks/comments/83194797,2020-02-07,AAPL,0.41836353222829215
Negative outlook on MSFT performance!,301,https://www.reddit.com/r/stocks/comments/54839048,2020-02-07,MSFT,-0.51500724544785
Negative outlook on GOOGL performance!,424,https://www.reddit.com/r/stocks/comments/71753594,2020-02-07,GOOGL,-0.7052419823660796
AMZN shows mixed signals in the market.,918,https://www.reddit.com/r/stocks/comments/15595865,2020-02-07,AMZN,-0.3458652470138861
Positive sentiment for TSLA after earnings!,692,https://www.reddit.com/r/stocks/comments/17730794,2020-02-07,TSLA,0.8842826803932506
Positive sentiment for AAPL after earnings!,250,https://www.reddit.com/r/stocks/comments/56442636,2020-02-08,AAPL,0.9987580760577093
Negative outlook on MSFT performance!,439,https://www.reddit.com/r/stocks/comments/65733150,2020-02-08,MSFT,-0.8239191401250485
Positive sentiment for GOOGL after earnings!,825,https://www.reddit.com/r/stocks/comments/80180781,2020-02-08,GOOGL,0.7798487738909639
AMZN shows mixed signals in the market.,198,https://www.reddit.com/r/stocks/comments/10954388,2020-02-08,AMZN,0.45509558091986246
Positive sentiment for TSLA after earnings!,167,https://www.reddit.com/r/stocks/comments/77629446,2020-02-08,TSLA,0.7637249259473107
Negative outlook on AAPL performance!,763,https://www.reddit.com/r/stocks/comments/22073314,2020-02-09,AAPL,-0.5179976434898461
Negative outlook on MSFT performance!,317,https://www.reddit.com/r/stocks/comments/66266461,2020-02-09,MSFT,-0.7913197789470003
Positive sentiment for GOOGL after earnings!,12,https://www.reddit.com/r/stocks/comments/16302050,2020-02-09,GOOGL,0.9019186390605178
Positive sentiment for AMZN after earnings!,974,https://www.reddit.com/r/stocks/comments/71576627,2020-02-09,AMZN,0.5392899177626811
TSLA shows mixed signals in the market.,210,https://www.reddit.com/r/stocks/comments/33358462,2020-02-09,TSLA,0.1546198696397505
Negative outlook on AAPL performance!,862,https://www.reddit.com/r/stocks/comments/58082858,2020-02-10,AAPL,-0.873242664277017
MSFT shows mixed signals in the market.,877,https://www.reddit.com/r/stocks/comments/18056135,2020-02-10,MSFT,-0.01907169824240751
Positive sentiment for GOOGL after earnings!,111,https://www.reddit.com/r/stocks/comments/31639276,2020-02-10,GOOGL,0.95878345186556
Negative outlook on AMZN performance!,276,https://www.reddit.com/r/stocks/comments/65177815,2020-02-10,AMZN,-0.8447620233102155
Positive sentiment for TSLA after earnings!,624,https://www.reddit.com/r/stocks/comments/50554718,2020-02-10,TSLA,0.6884933362539323
AAPL shows mixed signals in the market.,885,https://www.reddit.com/r/stocks/comments/23712600,2020-02-11,AAPL,0.387408118547494
Negative outlook on MSFT performance!,875,https://www.reddit.com/r/stocks/comments/20985564,2020-02-11,MSFT,-0.8243667370200831
GOOGL shows mixed signals in the market.,847,https://www.reddit.com/r/stocks/comments/62836868,2020-02-11,GOOGL,-0.4003009332713856
Positive sentiment for AMZN after earnings!,896,https://www.reddit.com/r/stocks/comments/88977304,2020-02-11,AMZN,0.6497801463173265
TSLA shows mixed signals in the market.,579,https://www.reddit.com/r/stocks/comments/59369261,2020-02-11,TSLA,0.16094667455043377
AAPL shows mixed signals in the market.,849,https://www.reddit.com/r/stocks/comments/28854428,2020-02-12,AAPL,0.10146991907043534
Positive sentiment for MSFT after earnings!,310,https://www.reddit.com/r/stocks/comments/78691012,2020-02-12,MSFT,0.8185334382817391
GOOGL shows mixed signals in the market.,326,https://www.reddit.com/r/stocks/comments/34387159,2020-02-12,GOOGL,-0.4042154269424256
Negative outlook on AMZN performance!,714,https://www.reddit.com/r/stocks/comments/38743998,2020-02-12,AMZN,-0.6415841151362702
Negative outlook on TSLA performance!,456,https://www.reddit.com/r/stocks/comments/85645599,2020-02-12,TSLA,-0.8198463352968925
AAPL shows mixed signals in the market.,40,https://www.reddit.com/r/stocks/comments/23692569,2020-02-13,AAPL,-0.47873693808491535
MSFT shows mixed signals in the market.,696,https://www.reddit.com/r/stocks/comments/96521894,2020-02-13,MSFT,0.3725274629201405
Positive sentiment for GOOGL after earnings!,186,https://www.reddit.com/r/stocks/comments/87707267,2020-02-13,GOOGL,0.5815951919991662
AMZN shows mixed signals in the market.,30,https://www.reddit.com/r/stocks/comments/78794044,2020-02-13,AMZN,0.3314174856372458
TSLA shows mixed signals in the market.,912,https://www.reddit.com/r/stocks/comments/38467627,2020-02-13,TSLA,0.26105694030246407
AAPL shows mixed signals in the market.,821,https://www.reddit.com/r/stocks/comments/81413191,2020-02-14,AAPL,0.3990539287264967
MSFT shows mixed signals in the market.,118,https://www.reddit.com/r/stocks/comments/36600545,2020-02-14,MSFT,0.4051757177219064
GOOGL shows mixed signals in the market.,365,https://www.reddit.com/r/stocks/comments/58236933,2020-02-14,GOOGL,-0.4459422157330357
AMZN shows mixed signals in the market.,262,https://www.reddit.com/r/stocks/comments/23537102,2020-02-14,AMZN,0.4490666271018433
Negative outlook on TSLA performance!,312,https://www.reddit.com/r/stocks/comments/16289976,2020-02-14,TSLA,-0.7629926083330878
AAPL shows mixed signals in the market.,374,https://www.reddit.com/r/stocks/comments/25358787,2020-02-15,AAPL,0.4512548845488886
Negative outlook on MSFT performance!,439,https://www.reddit.com/r/stocks/comments/15929556,2020-02-15,MSFT,-0.9699235340522205
Positive sentiment for GOOGL after earnings!,738,https://www.reddit.com/r/stocks/comments/94481460,2020-02-15,GOOGL,0.5554879673901889
AMZN shows mixed signals in the market.,48,https://www.reddit.com/r/stocks/comments/24254979,2020-02-15,AMZN,-0.3395807433428881
Positive sentiment for TSLA after earnings!,646,https://www.reddit.com/r/stocks/comments/20533264,2020-02-15,TSLA,0.9768541781586515
AAPL shows mixed signals in the market.,465,https://www.reddit.com/r/stocks/comments/50164692,2020-02-16,AAPL,-0.48715494425863204
Positive sentiment for MSFT after earnings!,855,https://www.reddit.com/r/stocks/comments/27599890,2020-02-16,MSFT,0.7005468171809026
GOOGL shows mixed signals in the market.,560,https://www.reddit.com/r/stocks/comments/72408095,2020-02-16,GOOGL,-0.022707015812342135
Positive sentiment for AMZN after earnings!,285,https://www.reddit.com/r/stocks/comments/31503493,2020-02-16,AMZN,0.7046442374817428
Positive sentiment for TSLA after earnings!,634,https://www.reddit.com/r/stocks/comments/73074034,2020-02-16,TSLA,0.8057725543543761
Positive sentiment for AAPL after earnings!,993,https://www.reddit.com/r/stocks/comments/49318815,2020-02-17,AAPL,0.6777990207082174
MSFT shows mixed signals in the market.,481,https://www.reddit.com/r/stocks/comments/27157841,2020-02-17,MSFT,-0.11163056653241799
Negative outlook on GOOGL performance!,824,https://www.reddit.com/r/stocks/comments/53946278,2020-02-17,GOOGL,-0.8387620982402024
AMZN shows mixed signals in the market.,123,https://www.reddit.com/r/stocks/comments/20669711,2020-02-17,AMZN,-0.3613550779259247
Negative outlook on TSLA performance!,314,https://www.reddit.com/r/stocks/comments/13544019,2020-02-17,TSLA,-0.6606630737794108
Negative outlook on AAPL performance!,831,https://www.reddit.com/r/stocks/comments/25736712,2020-02-18,AAPL,-0.9555958960441164
MSFT shows mixed signals in the market.,827,https://www.reddit.com/r/stocks/comments/73580897,2020-02-18,MSFT,-0.4277765054391711
GOOGL shows mixed signals in the market.,593,https://www.reddit.com/r/stocks/comments/95361444,2020-02-18,GOOGL,-0.11486853348146875
AMZN shows mixed signals in the market.,885,https://www.reddit.com/r/stocks/comments/57669746,2020-02-18,AMZN,0.49590472209263914
Negative outlook on TSLA performance!,390,https://www.reddit.com/r/stocks/comments/81786104,2020-02-18,TSLA,-0.6459297653687914
AAPL shows mixed signals in the market.,44,https://www.reddit.com/r/stocks/comments/38082323,2020-02-19,AAPL,-0.44398380262802717
MSFT shows mixed signals in the market.,804,https://www.reddit.com/r/stocks/comments/71067517,2020-02-19,MSFT,0.055113997028440886
GOOGL shows mixed signals in the market.,839,https://www.reddit.com/r/stocks/comments/39080368,2020-02-19,GOOGL,0.04308641693518234
Negative outlook on AMZN performance!,346,https://www.reddit.com/r/stocks/comments/41118182,2020-02-19,AMZN,-0.5696567444845475
Positive sentiment for TSLA after earnings!,511,https://www.reddit.com/r/stocks/comments/41313812,2020-02-19,TSLA,0.5232523227887567
Positive sentiment for AAPL after earnings!,712,https://www.reddit.com/r/stocks/comments/30085620,2020-02-20,AAPL,0.5776170169383674
MSFT shows mixed signals in the market.,490,https://www.reddit.com/r/stocks/comments/95253922,2020-02-20,MSFT,0.3452506517329006
Positive sentiment for GOOGL after earnings!,576,https://www.reddit.com/r/stocks/comments/84652873,2020-02-20,GOOGL,0.8525609585192504
AMZN shows mixed signals in the market.,559,https://www.reddit.com/r/stocks/comments/84001260,2020-02-20,AMZN,0.3650846143183206
Positive sentiment for TSLA after earnings!,765,https://www.reddit.com/r/stocks/comments/81933411,2020-02-20,TSLA,0.6291404935438796
AAPL shows mixed signals in the market.,308,https://www.reddit.com/r/stocks/comments/28059114,2020-02-21,AAPL,-0.03651354246008376
MSFT shows mixed signals in the market.,393,https://www.reddit.com/r/stocks/comments/77651048,2020-02-21,MSFT,0.11221807097391001
Positive sentiment for GOOGL after earnings!,628,https://www.reddit.com/r/stocks/comments/13787431,2020-02-21,GOOGL,0.8364063738858478
AMZN shows mixed signals in the market.,89,https://www.reddit.com/r/stocks/comments/79068445,2020-02-21,AMZN,0.240326637673133
TSLA shows mixed signals in the market.,953,https://www.reddit.com/r/stocks/comments/19700117,2020-02-21,TSLA,0.24388503893011548
Positive sentiment for AAPL after earnings!,605,https://www.reddit.com/r/stocks/comments/52253100,2020-02-22,AAPL,0.9838543126950339
Negative outlook on MSFT performance!,323,https://www.reddit.com/r/stocks/comments/93274736,2020-02-22,MSFT,-0.5675462185477878
GOOGL shows mixed signals in the market.,676,https://www.reddit.com/r/stocks/comments/82071092,2020-02-22,GOOGL,0.21645438664194883
AMZN shows mixed signals in the market.,429,https://www.reddit.com/r/stocks/comments/56152036,2020-02-22,AMZN,-0.3302316246491883
Positive sentiment for TSLA after earnings!,358,https://www.reddit.com/r/stocks/comments/69369239,2020-02-22,TSLA,0.5560326883290034
Negative outlook on AAPL performance!,342,https://www.reddit.com/r/stocks/comments/28703266,2020-02-23,AAPL,-0.8745185994639488
MSFT shows mixed signals in the market.,611,https://www.reddit.com/r/stocks/comments/83295393,2020-02-23,MSFT,-0.2565294992408529
GOOGL shows mixed signals in the market.,841,https://www.reddit.com/r/stocks/comments/68765421,2020-02-23,GOOGL,-0.1819275493513579
Negative outlook on AMZN performance!,782,https://www.reddit.com/r/stocks/comments/27217046,2020-02-23,AMZN,-0.7244274734026901
Positive sentiment for TSLA after earnings!,59,https://www.reddit.com/r/stocks/comments/87122246,2020-02-23,TSLA,0.9509635177612201
AAPL shows mixed signals in the market.,267,https://www.reddit.com/r/stocks/comments/80494251,2020-02-24,AAPL,0.021723144376332604
MSFT shows mixed signals in the market.,338,https://www.reddit.com/r/stocks/comments/41756396,2020-02-24,MSFT,-0.36959148329888913
Positive sentiment for GOOGL after earnings!,143,https://www.reddit.com/r/stocks/comments/53457625,2020-02-24,GOOGL,0.7201973904596566
Negative outlook on AMZN performance!,187,https://www.reddit.com/r/stocks/comments/96590234,2020-02-24,AMZN,-0.7523308314037431
TSLA shows mixed signals in the market.,671,https://www.reddit.com/r/stocks/comments/73402446,2020-02-24,TSLA,-0.05794855621285988
Negative outlook on AAPL performance!,462,https://www.reddit.com/r/stocks/comments/33351326,2020-02-25,AAPL,-0.5757053128576068
Negative outlook on MSFT performance!,445,https://www.reddit.com/r/stocks/comments/32367256,2020-02-25,MSFT,-0.5029767520325661
Negative outlook on GOOGL performance!,40,https://www.reddit.com/r/stocks/comments/12885408,2020-02-25,GOOGL,-0.7758786150739969
AMZN shows mixed signals in the market.,926,https://www.reddit.com/r/stocks/comments/41909914,2020-02-25,AMZN,0.39142868771413664
TSLA shows mixed signals in the market.,608,https://www.reddit.com/r/stocks/comments/30726283,2020-02-25,TSLA,0.009788693719360086
Positive sentiment for AAPL after earnings!,742,https://www.reddit.com/r/stocks/comments/94268508,2020-02-26,AAPL,0.5163749658999468
MSFT shows mixed signals in the market.,244,https://www.reddit.com/r/stocks/comments/69621580,2020-02-26,MSFT,-0.4994566933926232
GOOGL shows mixed signals in the market.,377,https://www.reddit.com/r/stocks/comments/68949637,2020-02-26,GOOGL,-0.11149588119545628
Positive sentiment for AMZN after earnings!,42,https://www.reddit.com/r/stocks/comments/26553582,2020-02-26,AMZN,0.8848456580030915
TSLA shows mixed signals in the market.,251,https://www.reddit.com/r/stocks/comments/89163574,2020-02-26,TSLA,0.05476329013218639
AAPL shows mixed signals in the market.,909,https://www.reddit.com/r/stocks/comments/11392130,2020-02-27,AAPL,0.34224688974419837
MSFT shows mixed signals in the market.,244,https://www.reddit.com/r/stocks/comments/47722476,2020-02-27,MSFT,0.43584666350710344
Negative outlook on GOOGL performance!,204,https://www.reddit.com/r/stocks/comments/85659318,2020-02-27,GOOGL,-0.8097502057642727
AMZN shows mixed signals in the market.,218,https://www.reddit.com/r/stocks/comments/70347200,2020-02-27,AMZN,-0.411862651739364
TSLA shows mixed signals in the market.,23,https://www.reddit.com/r/stocks/comments/81458121,2020-02-27,TSLA,-0.4640131205129838
Negative outlook on AAPL performance!,292,https://www.reddit.com/r/stocks/comments/20818200,2020-02-28,AAPL,-0.654485493361721
Positive sentiment for MSFT after earnings!,24,https://www.reddit.com/r/stocks/comments/58006942,2020-02-28,MSFT,0.9190193420095958
GOOGL shows mixed signals in the market.,998,https://www.reddit.com/r/stocks/comments/89568174,2020-02-28,GOOGL,-0.4343512923819095
AMZN shows mixed signals in the market.,768,https://www.reddit.com/r/stocks/comments/87718318,2020-02-28,AMZN,0.4299804540737875
TSLA shows mixed signals in the market.,608,https://www.reddit.com/r/stocks/comments/89275138,2020-02-28,TSLA,0.364877795770282
AAPL shows mixed signals in the market.,884,https://www.reddit.com/r/stocks/comments/44679561,2020-02-29,AAPL,-0.2529081497720671
MSFT shows mixed signals in the market.,944,https://www.reddit.com/r/stocks/comments/62695244,2020-02-29,MSFT,-0.39183549649454985
Positive sentiment for GOOGL after earnings!,348,https://www.reddit.com/r/stocks/comments/85797299,2020-02-29,GOOGL,0.9739761268037281
Negative outlook on AMZN performance!,605,https://www.reddit.com/r/stocks/comments/65995211,2020-02-29,AMZN,-0.9278651375729599
TSLA shows mixed signals in the market.,415,https://www.reddit.com/r/stocks/comments/62807626,2020-02-29,TSLA,-0.17509491458751558
Positive sentiment for AAPL after earnings!,150,https://www.reddit.com/r/stocks/comments/18971154,2020-03-01,AAPL,0.9025522738146825
MSFT shows mixed signals in the market.,190,https://www.reddit.com/r/stocks/comments/84891032,2020-03-01,MSFT,0.4576993113316561
GOOGL shows mixed signals in the market.,614,https://www.reddit.com/r/stocks/comments/57592154,2020-03-01,GOOGL,-0.11403055646747728
Negative outlook on AMZN performance!,877,https://www.reddit.com/r/stocks/comments/33630875,2020-03-01,AMZN,-0.6706678860360715
Negative outlook on TSLA performance!,434,https://www.reddit.com/r/stocks/comments/71592280,2020-03-01,TSLA,-0.6629598661104121
Positive sentiment for AAPL after earnings!,801,https://www.reddit.com/r/stocks/comments/52219661,2020-03-02,AAPL,0.5775511194808074
MSFT shows mixed signals in the market.,815,https://www.reddit.com/r/stocks/comments/25718203,2020-03-02,MSFT,0.031203511971591658
Positive sentiment for GOOGL after earnings!,133,https://www.reddit.com/r/stocks/comments/20726313,2020-03-02,GOOGL,0.6821967916170342
Positive sentiment for AMZN after earnings!,895,https://www.reddit.com/r/stocks/comments/58309804,2020-03-02,AMZN,0.9823068009274798
TSLA shows mixed signals in the market.,828,https://www.reddit.com/r/stocks/comments/61507681,2020-03-02,TSLA,-0.024850711602198317
AAPL shows mixed signals in the market.,897,https://www.reddit.com/r/stocks/comments/55775668,2020-03-03,AAPL,0.031608315418759636
MSFT shows mixed signals in the market.,915,https://www.reddit.com/r/stocks/comments/94110461,2020-03-03,MSFT,0.49353680572136516
GOOGL shows mixed signals in the market.,465,https://www.reddit.com/r/stocks/comments/92798282,2020-03-03,GOOGL,-0.4609738725553032
Negative outlook on AMZN performance!,618,https://www.reddit.com/r/stocks/comments/31345682,2020-03-03,AMZN,-0.6971314609704891
TSLA shows mixed signals in the market.,700,https://www.reddit.com/r/stocks/comments/28906628,2020-03-03,TSLA,-0.28812674940180694
Positive sentiment for AAPL after earnings!,532,https://www.reddit.com/r/stocks/comments/68912314,2020-03-04,AAPL,0.6059982447332728
MSFT shows mixed signals in the market.,414,https://www.reddit.com/r/stocks/comments/83828397,2020-03-04,MSFT,-0.00978120428784468
GOOGL shows mixed signals in the market.,965,https://www.reddit.com/r/stocks/comments/40839862,2020-03-04,GOOGL,-0.1340564902837218
AMZN shows mixed signals in the market.,560,https://www.reddit.com/r/stocks/comments/28823180,2020-03-04,AMZN,-0.47778569437637164
Positive sentiment for TSLA after earnings!,614,https://www.reddit.com/r/stocks/comments/21913555,2020-03-04,TSLA,0.6017390529623736
AAPL shows mixed signals in the market.,490,https://www.reddit.com/r/stocks/comments/83887807,2020-03-05,AAPL,-0.23941738858386463
Negative outlook on MSFT performance!,69,https://www.reddit.com/r/stocks/comments/98218452,2020-03-05,MSFT,-0.734923685903554
Negative outlook on GOOGL performance!,449,https://www.reddit.com/r/stocks/comments/45762556,2020-03-05,GOOGL,-0.9210610568488558
AMZN shows mixed signals in the market.,226,https://www.reddit.com/r/stocks/comments/38489226,2020-03-05,AMZN,0.46482695167915566
TSLA shows mixed signals in the market.,45,https://www.reddit.com/r/stocks/comments/30991082,2020-03-05,TSLA,0.25573241396242885
Negative outlook on AAPL performance!,137,https://www.reddit.com/r/stocks/comments/64618453,2020-03-06,AAPL,-0.7003361544702502
MSFT shows mixed signals in the market.,533,https://www.reddit.com/r/stocks/comments/49593494,2020-03-06,MSFT,0.35256034390423596
GOOGL shows mixed signals in the market.,87,https://www.reddit.com/r/stocks/comments/74995029,2020-03-06,GOOGL,-0.19528273741017954
Positive sentiment for AMZN after earnings!,569,https://www.reddit.com/r/stocks/comments/35429794,2020-03-06,AMZN,0.6930605457704979
Negative outlook on TSLA performance!,792,https://www.reddit.com/r/stocks/comments/87346521,2020-03-06,TSLA,-0.7129867965186734
AAPL shows mixed signals in the market.,734,https://www.reddit.com/r/stocks/comments/33197470,2020-03-07,AAPL,-0.4490042390033604
MSFT shows mixed signals in the market.,819,https://www.reddit.com/r/stocks/comments/34120128,2020-03-07,MSFT,-0.35332909823004943
GOOGL shows mixed signals in the market.,730,https://www.reddit.com/r/stocks/comments/90809582,2020-03-07,GOOGL,0.04639297957228239
AMZN shows mixed signals in the market.,232,https://www.reddit.com/r/stocks/comments/60272530,2020-03-07,AMZN,-0.19344308274863065
TSLA shows mixed signals in the market.,930,https://www.reddit.com/r/stocks/comments/80080278,2020-03-07,TSLA,-0.2659576786410289
AAPL shows mixed signals in the market.,912,https://www.reddit.com/r/stocks/comments/91259760,2020-03-08,AAPL,0.38708614024708865
MSFT shows mixed signals in the market.,848,https://www.reddit.com/r/stocks/comments/64665050,2020-03-08,MSFT,0.33541296035414847
GOOGL shows mixed signals in the market.,943,https://www.reddit.com/r/stocks/comments/98933927,2020-03-08,GOOGL,-0.43880063437524064
Negative outlook on AMZN performance!,427,https://www.reddit.com/r/stocks/comments/96670817,2020-03-08,AMZN,-0.6793707570176699
TSLA shows mixed signals in the market.,788,https://www.reddit.com/r/stocks/comments/18279747,2020-03-08,TSLA,-0.3220960638998973
AAPL shows mixed signals in the market.,777,https://www.reddit.com/r/stocks/comments/76759625,2020-03-09,AAPL,0.11728035048308683
Negative outlook on MSFT performance!,504,https://www.reddit.com/r/stocks/comments/86833980,2020-03-09,MSFT,-0.8705719119186963
Negative outlook on GOOGL performance!,240,https://www.reddit.com/r/stocks/comments/68627861,2020-03-09,GOOGL,-0.8487100305926194
Negative outlook on AMZN performance!,585,https://www.reddit.com/r/stocks/comments/59911335,2020-03-09,AMZN,-0.912062109481663
Negative outlook on TSLA performance!,626,https://www.reddit.com/r/stocks/comments/10985604,2020-03-09,TSLA,-0.8909711081912814
AAPL shows mixed signals in the market.,240,https://www.reddit.com/r/stocks/comments/86002685,2020-03-10,AAPL,0.2060981179741732
Positive sentiment for MSFT after earnings!,267,https://www.reddit.com/r/stocks/comments/48252058,2020-03-10,MSFT,0.6485721333832124
GOOGL shows mixed signals in the market.,287,https://www.reddit.com/r/stocks/comments/42762016,2020-03-10,GOOGL,0.27489503939963433
AMZN shows mixed signals in the market.,862,https://www.reddit.com/r/stocks/comments/45125578,2020-03-10,AMZN,0.23058394925735692
TSLA shows mixed signals in the market.,41,https://www.reddit.com/r/stocks/comments/32776271,2020-03-10,TSLA,0.2952229182803128
AAPL shows mixed signals in the market.,673,https://www.reddit.com/r/stocks/comments/52439246,2020-03-11,AAPL,0.11791949550002756
Positive sentiment for MSFT after earnings!,159,https://www.reddit.com/r/stocks/comments/20297576,2020-03-11,MSFT,0.9283378393776709
Positive sentiment for GOOGL after earnings!,551,https://www.reddit.com/r/stocks/comments/27554280,2020-03-11,GOOGL,0.5422022111339246
AMZN shows mixed signals in the market.,731,https://www.reddit.com/r/stocks/comments/45778348,2020-03-11,AMZN,0.30271155228028723
TSLA shows mixed signals in the market.,561,https://www.reddit.com/r/stocks/comments/50256461,2020-03-11,TSLA,0.19243425353807142
Negative outlook on AAPL performance!,414,https://www.reddit.com/r/stocks/comments/64444430,2020-03-12,AAPL,-0.5157516037313312
Negative outlook on MSFT performance!,784,https://www.reddit.com/r/stocks/comments/61836920,2020-03-12,MSFT,-0.9075630833995809
Positive sentiment for GOOGL after earnings!,463,https://www.reddit.com/r/stocks/comments/49281760,2020-03-12,GOOGL,0.8135037335029569
Negative outlook on AMZN performance!,679,https://www.reddit.com/r/stocks/comments/92319952,2020-03-12,AMZN,-0.8637736718706759
TSLA shows mixed signals in the market.,766,https://www.reddit.com/r/stocks/comments/75995073,2020-03-12,TSLA,0.22278972107645578
Negative outlook on AAPL performance!,963,https://www.reddit.com/r/stocks/comments/98163299,2020-03-13,AAPL,-0.5949396906666973
MSFT shows mixed signals in the market.,174,https://www.reddit.com/r/stocks/comments/42784440,2020-03-13,MSFT,0.12699265771044832
Negative outlook on GOOGL performance!,565,https://www.reddit.com/r/stocks/comments/34475102,2020-03-13,GOOGL,-0.7775065722573791
AMZN shows mixed signals in the market.,476,https://www.reddit.com/r/stocks/comments/87204638,2020-03-13,AMZN,-0.4377924103165116
TSLA shows mixed signals in the market.,398,https://www.reddit.com/r/stocks/comments/22063864,2020-03-13,TSLA,-0.3234638788936355
AAPL shows mixed signals in the market.,575,https://www.reddit.com/r/stocks/comments/21778379,2020-03-14,AAPL,0.09522300798001648
MSFT shows mixed signals in the market.,889,https://www.reddit.com/r/stocks/comments/32614225,2020-03-14,MSFT,0.009975161611550654
GOOGL shows mixed signals in the market.,828,https://www.reddit.com/r/stocks/comments/75097930,2020-03-14,GOOGL,0.14966674523768586
Negative outlook on AMZN performance!,670,https://www.reddit.com/r/stocks/comments/34607428,2020-03-14,AMZN,-0.987744510332139
Negative outlook on TSLA performance!,997,https://www.reddit.com/r/stocks/comments/98068362,2020-03-14,TSLA,-0.6740590822926185
AAPL shows mixed signals in the market.,347,https://www.reddit.com/r/stocks/comments/20067542,2020-03-15,AAPL,0.4495454318518819
MSFT shows mixed signals in the market.,520,https://www.reddit.com/r/stocks/comments/84278083,2020-03-15,MSFT,0.3335694399914162
Negative outlook on GOOGL performance!,569,https://www.reddit.com/r/stocks/comments/96531066,2020-03-15,GOOGL,-0.8485324279584217
AMZN shows mixed signals in the market.,254,https://www.reddit.com/r/stocks/comments/11381188,2020-03-15,AMZN,-0.44204467620980914
TSLA shows mixed signals in the market.,153,https://www.reddit.com/r/stocks/comments/13339920,2020-03-15,TSLA,-0.176439913181341
AAPL shows mixed signals in the market.,458,https://www.reddit.com/r/stocks/comments/57691702,2020-03-16,AAPL,-0.042115640991266856
Negative outlook on MSFT performance!,750,https://www.reddit.com/r/stocks/comments/86118591,2020-03-16,MSFT,-0.7879637568087743
GOOGL shows mixed signals in the market.,763,https://www.reddit.com/r/stocks/comments/91763319,2020-03-16,GOOGL,-0.13219328381341566
AMZN shows mixed signals in the market.,795,https://www.reddit.com/r/stocks/comments/70029786,2020-03-16,AMZN,0.18006151250730285
Negative outlook on TSLA performance!,359,https://www.reddit.com/r/stocks/comments/91026595,2020-03-16,TSLA,-0.772494179110923
Positive sentiment for AAPL after earnings!,93,https://www.reddit.com/r/stocks/comments/98178513,2020-03-17,AAPL,0.83070759606989
MSFT shows mixed signals in the market.,650,https://www.reddit.com/r/stocks/comments/79044141,2020-03-17,MSFT,-0.2742418058708025
Positive sentiment for GOOGL after earnings!,141,https://www.reddit.com/r/stocks/comments/18258005,2020-03-17,GOOGL,0.7417375052424657
Positive sentiment for AMZN after earnings!,649,https://www.reddit.com/r/stocks/comments/64491540,2020-03-17,AMZN,0.842058882885653
Negative outlook on TSLA performance!,60,https://www.reddit.com/r/stocks/comments/12422837,2020-03-17,TSLA,-0.5665714583318631
AAPL shows mixed signals in the market.,679,https://www.reddit.com/r/stocks/comments/80237313,2020-03-18,AAPL,-0.059739249354121116
MSFT shows mixed signals in the market.,678,https://www.reddit.com/r/stocks/comments/78450267,2020-03-18,MSFT,0.0005021630582797698
GOOGL shows mixed signals in the market.,846,https://www.reddit.com/r/stocks/comments/56947289,2020-03-18,GOOGL,0.037008295075490416
AMZN shows mixed signals in the market.,60,https://www.reddit.com/r/stocks/comments/65026020,2020-03-18,AMZN,-0.35349715452080477
Negative outlook on TSLA performance!,425,https://www.reddit.com/r/stocks/comments/69993559,2020-03-18,TSLA,-0.9413624151439137
Negative outlook on AAPL performance!,615,https://www.reddit.com/r/stocks/comments/98374117,2020-03-19,AAPL,-0.6324763362363852
MSFT shows mixed signals in the market.,103,https://www.reddit.com/r/stocks/comments/90806522,2020-03-19,MSFT,-0.2792297815055751
Negative outlook on GOOGL performance!,192,https://www.reddit.com/r/stocks/comments/25138243,2020-03-19,GOOGL,-0.731163250073475
AMZN shows mixed signals in the market.,615,https://www.reddit.com/r/stocks/comments/61117577,2020-03-19,AMZN,-0.34196350706285017
TSLA shows mixed signals in the market.,294,https://www.reddit.com/r/stocks/comments/79078021,2020-03-19,TSLA,-0.0004900094453303971
AAPL shows mixed signals in the market.,181,https://www.reddit.com/r/stocks/comments/31081253,2020-03-20,AAPL,-0.0450484786618055
Positive sentiment for MSFT after earnings!,392,https://www.reddit.com/r/stocks/comments/96635188,2020-03-20,MSFT,0.6077678886092621
GOOGL shows mixed signals in the market.,127,https://www.reddit.com/r/stocks/comments/23320200,2020-03-20,GOOGL,0.34811272185309394
Negative outlook on AMZN performance!,818,https://www.reddit.com/r/stocks/comments/35635540,2020-03-20,AMZN,-0.7076481831673433
Positive sentiment for TSLA after earnings!,297,https://www.reddit.com/r/stocks/comments/87495797,2020-03-20,TSLA,0.5712541829593307
Positive sentiment for AAPL after earnings!,30,https://www.reddit.com/r/stocks/comments/32397154,2020-03-21,AAPL,0.8878261954892506
MSFT shows mixed signals in the market.,992,https://www.reddit.com/r/stocks/comments/93582499,2020-03-21,MSFT,-0.3783188243412454
GOOGL shows mixed signals in the market.,652,https://www.reddit.com/r/stocks/comments/61287136,2020-03-21,GOOGL,-0.07903638176062677
Negative outlook on AMZN performance!,102,https://www.reddit.com/r/stocks/comments/53784322,2020-03-21,AMZN,-0.8736807822559474
TSLA shows mixed signals in the market.,981,https://www.reddit.com/r/stocks/comments/38980972,2020-03-21,TSLA,0.31321958415765483
Negative outlook on AAPL performance!,713,https://www.reddit.com/r/stocks/comments/22285131,2020-03-22,AAPL,-0.8381653924391599
Negative outlook on MSFT performance!,316,https://www.reddit.com/r/stocks/comments/23425978,2020-03-22,MSFT,-0.7163207467345944
GOOGL shows mixed signals in the market.,865,https://www.reddit.com/r/stocks/comments/32013158,2020-03-22,GOOGL,0.14310132855958235
AMZN shows mixed signals in the market.,596,https://www.reddit.com/r/stocks/comments/70822888,2020-03-22,AMZN,-0.0443688508546316
Positive sentiment for TSLA after earnings!,628,https://www.reddit.com/r/stocks/comments/66595284,2020-03-22,TSLA,0.7923486611047734
AAPL shows mixed signals in the market.,463,https://www.reddit.com/r/stocks/comments/90019274,2020-03-23,AAPL,-0.058554615123953324
MSFT shows mixed signals in the market.,174,https://www.reddit.com/r/stocks/comments/70078315,2020-03-23,MSFT,-0.4561271675248051
Positive sentiment for GOOGL after earnings!,205,https://www.reddit.com/r/stocks/comments/72428659,2020-03-23,GOOGL,0.6861523414454924
Positive sentiment for AMZN after earnings!,753,https://www.reddit.com/r/stocks/comments/23737243,2020-03-23,AMZN,0.9524510486581308
Positive sentiment for TSLA after earnings!,480,https://www.reddit.com/r/stocks/comments/95165056,2020-03-23,TSLA,0.619490936273267
AAPL shows mixed signals in the market.,335,https://www.reddit.com/r/stocks/comments/23630112,2020-03-24,AAPL,0.49442796686105184
Positive sentiment for MSFT after earnings!,647,https://www.reddit.com/r/stocks/comments/29216999,2020-03-24,MSFT,0.5774047376429516
Positive sentiment for GOOGL after earnings!,810,https://www.reddit.com/r/stocks/comments/77531077,2020-03-24,GOOGL,0.6461145615898756
AMZN shows mixed signals in the market.,539,https://www.reddit.com/r/stocks/comments/39635344,2020-03-24,AMZN,-0.3234841869869458
Positive sentiment for TSLA after earnings!,214,https://www.reddit.com/r/stocks/comments/51170972,2020-03-24,TSLA,0.8269359813406476
AAPL shows mixed signals in the market.,700,https://www.reddit.com/r/stocks/comments/28952019,2020-03-25,AAPL,-0.014592494830822034
Positive sentiment for MSFT after earnings!,160,https://www.reddit.com/r/stocks/comments/29222859,2020-03-25,MSFT,0.5519195781146387
GOOGL shows mixed signals in the market.,1000,https://www.reddit.com/r/stocks/comments/65159632,2020-03-25,GOOGL,0.4939323579758559
AMZN shows mixed signals in the market.,413,https://www.reddit.com/r/stocks/comments/49705361,2020-03-25,AMZN,0.28659207434397804
TSLA shows mixed signals in the market.,188,https://www.reddit.com/r/stocks/comments/32519603,2020-03-25,TSLA,0.46657151593304835
AAPL shows mixed signals in the market.,216,https://www.reddit.com/r/stocks/comments/85714788,2020-03-26,AAPL,0.12687304214165462
Positive sentiment for MSFT after earnings!,258,https://www.reddit.com/r/stocks/comments/87736562,2020-03-26,MSFT,0.5514521410329147
GOOGL shows mixed signals in the market.,714,https://www.reddit.com/r/stocks/comments/50397190,2020-03-26,GOOGL,0.20710607107856238
Negative outlook on AMZN performance!,790,https://www.reddit.com/r/stocks/comments/20024081,2020-03-26,AMZN,-0.9719552961181916
TSLA shows mixed signals in the market.,227,https://www.reddit.com/r/stocks/comments/74946293,2020-03-26,TSLA,0.2855616108852974
Negative outlook on AAPL performance!,475,https://www.reddit.com/r/stocks/comments/20259932,2020-03-27,AAPL,-0.8955075016040861
MSFT shows mixed signals in the market.,580,https://www.reddit.com/r/stocks/comments/11341482,2020-03-27,MSFT,0.22091439988047568
GOOGL shows mixed signals in the market.,428,https://www.reddit.com/r/stocks/comments/54196180,2020-03-27,GOOGL,-0.3546828227513188
Negative outlook on AMZN performance!,57,https://www.reddit.com/r/stocks/comments/65527855,2020-03-27,AMZN,-0.6031990028275072
TSLA shows mixed signals in the market.,135,https://www.reddit.com/r/stocks/comments/54466667,2020-03-27,TSLA,-0.06351547658611434
Negative outlook on AAPL performance!,279,https://www.reddit.com/r/stocks/comments/81614100,2020-03-28,AAPL,-0.7386352187276306
Negative outlook on MSFT performance!,927,https://www.reddit.com/r/stocks/comments/66837227,2020-03-28,MSFT,-0.7665671481747562
GOOGL shows mixed signals in the market.,189,https://www.reddit.com/r/stocks/comments/27354204,2020-03-28,GOOGL,-0.29206193653432977
Negative outlook on AMZN performance!,414,https://www.reddit.com/r/stocks/comments/22592940,2020-03-28,AMZN,-0.6313506789939998
Positive sentiment for TSLA after earnings!,257,https://www.reddit.com/r/stocks/comments/29910936,2020-03-28,TSLA,0.8739709270235663
Positive sentiment for AAPL after earnings!,816,https://www.reddit.com/r/stocks/comments/20620191,2020-03-29,AAPL,0.5214400584046894
Negative outlook on MSFT performance!,90,https://www.reddit.com/r/stocks/comments/99943080,2020-03-29,MSFT,-0.8793863782717495
GOOGL shows mixed signals in the market.,318,https://www.reddit.com/r/stocks/comments/43675066,2020-03-29,GOOGL,0.4135863333275276
AMZN shows mixed signals in the market.,561,https://www.reddit.com/r/stocks/comments/15735958,2020-03-29,AMZN,-0.3748831281718672
Positive sentiment for TSLA after earnings!,268,https://www.reddit.com/r/stocks/comments/57133191,2020-03-29,TSLA,0.8689049699087441
Negative outlook on AAPL performance!,166,https://www.reddit.com/r/stocks/comments/38111502,2020-03-30,AAPL,-0.5855704070871435
MSFT shows mixed signals in the market.,490,https://www.reddit.com/r/stocks/comments/76722266,2020-03-30,MSFT,0.32057364054579884
GOOGL shows mixed signals in the market.,549,https://www.reddit.com/r/stocks/comments/17383059,2020-03-30,GOOGL,-0.3358127938575499
Positive sentiment for AMZN after earnings!,501,https://www.reddit.com/r/stocks/comments/66027229,2020-03-30,AMZN,0.5253547667479459
TSLA shows mixed signals in the market.,182,https://www.reddit.com/r/stocks/comments/66816370,2020-03-30,TSLA,-0.07699336903000198
AAPL shows mixed signals in the market.,282,https://www.reddit.com/r/stocks/comments/68845020,2020-03-31,AAPL,-0.47911638453985117
Negative outlook on MSFT performance!,927,https://www.reddit.com/r/stocks/comments/57243228,2020-03-31,MSFT,-0.863011795233309
Negative outlook on GOOGL performance!,597,https://www.reddit.com/r/stocks/comments/74105868,2020-03-31,GOOGL,-0.9217472250323746
Negative outlook on AMZN performance!,685,https://www.reddit.com/r/stocks/comments/57092067,2020-03-31,AMZN,-0.7599141613052636
Positive sentiment for TSLA after earnings!,542,https://www.reddit.com/r/stocks/comments/31972252,2020-03-31,TSLA,0.5601751874646725
Negative outlook on AAPL performance!,403,https://www.reddit.com/r/stocks/comments/57299344,2020-04-01,AAPL,-0.8662623832548446
MSFT shows mixed signals in the market.,73,https://www.reddit.com/r/stocks/comments/12114003,2020-04-01,MSFT,0.34856649619148583
GOOGL shows mixed signals in the market.,652,https://www.reddit.com/r/stocks/comments/65607594,2020-04-01,GOOGL,0.295942460676349
Positive sentiment for AMZN after earnings!,562,https://www.reddit.com/r/stocks/comments/75007680,2020-04-01,AMZN,0.7288270447916323
TSLA shows mixed signals in the market.,85,https://www.reddit.com/r/stocks/comments/42950557,2020-04-01,TSLA,0.3019604344390192
Negative outlook on AAPL performance!,312,https://www.reddit.com/r/stocks/comments/91525422,2020-04-02,AAPL,-0.6545716964159338
MSFT shows mixed signals in the market.,672,https://www.reddit.com/r/stocks/comments/95659131,2020-04-02,MSFT,-0.25997703166245856
GOOGL shows mixed signals in the market.,549,https://www.reddit.com/r/stocks/comments/11067049,2020-04-02,GOOGL,-0.13185373549154566
AMZN shows mixed signals in the market.,960,https://www.reddit.com/r/stocks/comments/92865384,2020-04-02,AMZN,-0.078434351845309
TSLA shows mixed signals in the market.,894,https://www.reddit.com/r/stocks/comments/92172251,2020-04-02,TSLA,0.4536869137383315
Positive sentiment for AAPL after earnings!,104,https://www.reddit.com/r/stocks/comments/58204251,2020-04-03,AAPL,0.8362125604239821
MSFT shows mixed signals in the market.,816,https://www.reddit.com/r/stocks/comments/75713096,2020-04-03,MSFT,-0.2699670700694248
GOOGL shows mixed signals in the market.,940,https://www.reddit.com/r/stocks/comments/16327005,2020-04-03,GOOGL,0.26207763595240774
AMZN shows mixed signals in the market.,602,https://www.reddit.com/r/stocks/comments/31990310,2020-04-03,AMZN,0.2540403643962994
Negative outlook on TSLA performance!,180,https://www.reddit.com/r/stocks/comments/11127470,2020-04-03,TSLA,-0.9228982583928247
Positive sentiment for AAPL after earnings!,12,https://www.reddit.com/r/stocks/comments/83847749,2020-04-04,AAPL,0.6459207537689606
Positive sentiment for MSFT after earnings!,869,https://www.reddit.com/r/stocks/comments/67321459,2020-04-04,MSFT,0.6453583029011938
Positive sentiment for GOOGL after earnings!,629,https://www.reddit.com/r/stocks/comments/25114266,2020-04-04,GOOGL,0.9220864899502643
Positive sentiment for AMZN after earnings!,872,https://www.reddit.com/r/stocks/comments/21286127,2020-04-04,AMZN,0.8875022655054912
Positive sentiment for TSLA after earnings!,226,https://www.reddit.com/r/stocks/comments/48909172,2020-04-04,TSLA,0.5602581617576241
AAPL shows mixed signals in the market.,315,https://www.reddit.com/r/stocks/comments/71016867,2020-04-05,AAPL,-0.10833794484409753
Negative outlook on MSFT performance!,695,https://www.reddit.com/r/stocks/comments/94155292,2020-04-05,MSFT,-0.864821271341166
Positive sentiment for GOOGL after earnings!,240,https://www.reddit.com/r/stocks/comments/92662861,2020-04-05,GOOGL,0.712206733274841
Negative outlook on AMZN performance!,765,https://www.reddit.com/r/stocks/comments/15634778,2020-04-05,AMZN,-0.8408312205226249
TSLA shows mixed signals in the market.,271,https://www.reddit.com/r/stocks/comments/66726083,2020-04-05,TSLA,-0.11060895983176344
Negative outlook on AAPL performance!,846,https://www.reddit.com/r/stocks/comments/60536266,2020-04-06,AAPL,-0.546861910005902
MSFT shows mixed signals in the market.,983,https://www.reddit.com/r/stocks/comments/79578030,2020-04-06,MSFT,0.2902217149481072
GOOGL shows mixed signals in the market.,521,https://www.reddit.com/r/stocks/comments/54521620,2020-04-06,GOOGL,-0.11065762817274649
Positive sentiment for AMZN after earnings!,98,https://www.reddit.com/r/stocks/comments/20158683,2020-04-06,AMZN,0.7118928469260319
Positive sentiment for TSLA after earnings!,828,https://www.reddit.com/r/stocks/comments/10722003,2020-04-06,TSLA,0.7732832706848036
Negative outlook on AAPL performance!,405,https://www.reddit.com/r/stocks/comments/71842027,2020-04-07,AAPL,-0.8838339964237771
Negative outlook on MSFT performance!,816,https://www.reddit.com/r/stocks/comments/81801913,2020-04-07,MSFT,-0.9050380985592765
Positive sentiment for GOOGL after earnings!,597,https://www.reddit.com/r/stocks/comments/42326785,2020-04-07,GOOGL,0.5340578022471414
Positive sentiment for AMZN after earnings!,89,https://www.reddit.com/r/stocks/comments/93081588,2020-04-07,AMZN,0.7538021885861368
TSLA shows mixed signals in the market.,116,https://www.reddit.com/r/stocks/comments/47749995,2020-04-07,TSLA,0.34386368676186163
AAPL shows mixed signals in the market.,829,https://www.reddit.com/r/stocks/comments/97790723,2020-04-08,AAPL,-0.0010865610857826447
MSFT shows mixed signals in the market.,820,https://www.reddit.com/r/stocks/comments/38527661,2020-04-08,MSFT,-0.16208112667801688
Negative outlook on GOOGL performance!,588,https://www.reddit.com/r/stocks/comments/68650509,2020-04-08,GOOGL,-0.9044427234702994
AMZN shows mixed signals in the market.,62,https://www.reddit.com/r/stocks/comments/18602435,2020-04-08,AMZN,0.2889343404294886
TSLA shows mixed signals in the market.,56,https://www.reddit.com/r/stocks/comments/26904280,2020-04-08,TSLA,0.17884083921621197
AAPL shows mixed signals in the market.,66,https://www.reddit.com/r/stocks/comments/91097382,2020-04-09,AAPL,0.21463407973086568
Positive sentiment for MSFT after earnings!,118,https://www.reddit.com/r/stocks/comments/32414844,2020-04-09,MSFT,0.7632064496450552
Negative outlook on GOOGL performance!,233,https://www.reddit.com/r/stocks/comments/45944705,2020-04-09,GOOGL,-0.9671627889921355
Positive sentiment for AMZN after earnings!,980,https://www.reddit.com/r/stocks/comments/29216896,2020-04-09,AMZN,0.8491871029405027
Negative outlook on TSLA performance!,278,https://www.reddit.com/r/stocks/comments/63647049,2020-04-09,TSLA,-0.8196202701476418
Negative outlook on AAPL performance!,291,https://www.reddit.com/r/stocks/comments/96526226,2020-04-10,AAPL,-0.5075905276710975
MSFT shows mixed signals in the market.,891,https://www.reddit.com/r/stocks/comments/26214958,2020-04-10,MSFT,0.30043622399249514
GOOGL shows mixed signals in the market.,878,https://www.reddit.com/r/stocks/comments/82999735,2020-04-10,GOOGL,0.2445803722514972
Negative outlook on AMZN performance!,97,https://www.reddit.com/r/stocks/comments/58522602,2020-04-10,AMZN,-0.5684716197608939
TSLA shows mixed signals in the market.,22,https://www.reddit.com/r/stocks/comments/37682349,2020-04-10,TSLA,-0.24200855052713188
AAPL shows mixed signals in the market.,609,https://www.reddit.com/r/stocks/comments/10815863,2020-04-11,AAPL,0.1372802733360805
MSFT shows mixed signals in the market.,506,https://www.reddit.com/r/stocks/comments/36679026,2020-04-11,MSFT,0.03288242731990265
Negative outlook on GOOGL performance!,796,https://www.reddit.com/r/stocks/comments/45740895,2020-04-11,GOOGL,-0.9137573535416594
AMZN shows mixed signals in the market.,655,https://www.reddit.com/r/stocks/comments/62016349,2020-04-11,AMZN,0.2207621315264232
Negative outlook on TSLA performance!,671,https://www.reddit.com/r/stocks/comments/15117788,2020-04-11,TSLA,-0.8647230124907312
Positive sentiment for AAPL after earnings!,822,https://www.reddit.com/r/stocks/comments/49992565,2020-04-12,AAPL,0.7224701051158686
MSFT shows mixed signals in the market.,590,https://www.reddit.com/r/stocks/comments/18231376,2020-04-12,MSFT,0.1388819708262663
GOOGL shows mixed signals in the market.,653,https://www.reddit.com/r/stocks/comments/41676951,2020-04-12,GOOGL,-0.36312315405907025
Positive sentiment for AMZN after earnings!,851,https://www.reddit.com/r/stocks/comments/64190335,2020-04-12,AMZN,0.8245090517800864
Negative outlook on TSLA performance!,971,https://www.reddit.com/r/stocks/comments/95056285,2020-04-12,TSLA,-0.82845203202294
AAPL shows mixed signals in the market.,535,https://www.reddit.com/r/stocks/comments/42056228,2020-04-13,AAPL,-0.2876187621093036
Negative outlook on MSFT performance!,176,https://www.reddit.com/r/stocks/comments/34850547,2020-04-13,MSFT,-0.5691367620148156
GOOGL shows mixed signals in the market.,765,https://www.reddit.com/r/stocks/comments/65230909,2020-04-13,GOOGL,0.40709651862896035
AMZN shows mixed signals in the market.,284,https://www.reddit.com/r/stocks/comments/93455921,2020-04-13,AMZN,0.011560443047407665
Positive sentiment for TSLA after earnings!,151,https://www.reddit.com/r/stocks/comments/43346706,2020-04-13,TSLA,0.8393095454441235
AAPL shows mixed signals in the market.,790,https://www.reddit.com/r/stocks/comments/25395550,2020-04-14,AAPL,0.055615984746745006
MSFT shows mixed signals in the market.,165,https://www.reddit.com/r/stocks/comments/92072936,2020-04-14,MSFT,-0.37723815374860137
Positive sentiment for GOOGL after earnings!,20,https://www.reddit.com/r/stocks/comments/41982897,2020-04-14,GOOGL,0.7919208872726582
Positive sentiment for AMZN after earnings!,761,https://www.reddit.com/r/stocks/comments/50225263,2020-04-14,AMZN,0.5698255047125664
TSLA shows mixed signals in the market.,17,https://www.reddit.com/r/stocks/comments/22915827,2020-04-14,TSLA,0.3084713990426664
Negative outlook on AAPL performance!,566,https://www.reddit.com/r/stocks/comments/38036536,2020-04-15,AAPL,-0.5562023109643972
MSFT shows mixed signals in the market.,517,https://www.reddit.com/r/stocks/comments/89647093,2020-04-15,MSFT,0.24355159408907423
GOOGL shows mixed signals in the market.,962,https://www.reddit.com/r/stocks/comments/19956880,2020-04-15,GOOGL,-0.052172824116713645
Positive sentiment for AMZN after earnings!,595,https://www.reddit.com/r/stocks/comments/21948783,2020-04-15,AMZN,0.5730926887419092
TSLA shows mixed signals in the market.,61,https://www.reddit.com/r/stocks/comments/62455039,2020-04-15,TSLA,-0.300220737611101
Positive sentiment for AAPL after earnings!,309,https://www.reddit.com/r/stocks/comments/65819758,2020-04-16,AAPL,0.7784679570385564
MSFT shows mixed signals in the market.,936,https://www.reddit.com/r/stocks/comments/80673677,2020-04-16,MSFT,-0.38998342022382304
GOOGL shows mixed signals in the market.,677,https://www.reddit.com/r/stocks/comments/23605255,2020-04-16,GOOGL,0.040110675709788435
Positive sentiment for AMZN after earnings!,342,https://www.reddit.com/r/stocks/comments/98926996,2020-04-16,AMZN,0.9627347267314539
Positive sentiment for TSLA after earnings!,739,https://www.reddit.com/r/stocks/comments/73979331,2020-04-16,TSLA,0.7821411401687881
Positive sentiment for AAPL after earnings!,544,https://www.reddit.com/r/stocks/comments/70995327,2020-04-17,AAPL,0.6806504278881824
MSFT shows mixed signals in the market.,882,https://www.reddit.com/r/stocks/comments/25805656,2020-04-17,MSFT,0.46934809357108853
Negative outlook on GOOGL performance!,766,https://www.reddit.com/r/stocks/comments/53140156,2020-04-17,GOOGL,-0.8799069514601017
AMZN shows mixed signals in the market.,962,https://www.reddit.com/r/stocks/comments/51769253,2020-04-17,AMZN,-0.3887274192589696
Positive sentiment for TSLA after earnings!,109,https://www.reddit.com/r/stocks/comments/70149091,2020-04-17,TSLA,0.8853097887549282
AAPL shows mixed signals in the market.,666,https://www.reddit.com/r/stocks/comments/22714509,2020-04-18,AAPL,0.4347431133921942
Negative outlook on MSFT performance!,119,https://www.reddit.com/r/stocks/comments/43604277,2020-04-18,MSFT,-0.6280172972240505
Positive sentiment for GOOGL after earnings!,711,https://www.reddit.com/r/stocks/comments/38123942,2020-04-18,GOOGL,0.8774272208830707
Negative outlook on AMZN performance!,62,https://www.reddit.com/r/stocks/comments/49001974,2020-04-18,AMZN,-0.6758047311370474
TSLA shows mixed signals in the market.,767,https://www.reddit.com/r/stocks/comments/95155825,2020-04-18,TSLA,-0.007186808362446229
AAPL shows mixed signals in the market.,172,https://www.reddit.com/r/stocks/comments/66358739,2020-04-19,AAPL,0.025788614582175073
Negative outlook on MSFT performance!,654,https://www.reddit.com/r/stocks/comments/97615946,2020-04-19,MSFT,-0.5674792638284021
GOOGL shows mixed signals in the market.,421,https://www.reddit.com/r/stocks/comments/11948121,2020-04-19,GOOGL,-0.007346225967410858
AMZN shows mixed signals in the market.,940,https://www.reddit.com/r/stocks/comments/57828629,2020-04-19,AMZN,-0.2758646026122722
TSLA shows mixed signals in the market.,106,https://www.reddit.com/r/stocks/comments/90963335,2020-04-19,TSLA,-0.36123012442075564
Negative outlook on AAPL performance!,913,https://www.reddit.com/r/stocks/comments/82526377,2020-04-20,AAPL,-0.8587769782842378
MSFT shows mixed signals in the market.,886,https://www.reddit.com/r/stocks/comments/66015570,2020-04-20,MSFT,0.35941780449357785
GOOGL shows mixed signals in the market.,886,https://www.reddit.com/r/stocks/comments/54437336,2020-04-20,GOOGL,0.19595538269179014
AMZN shows mixed signals in the market.,628,https://www.reddit.com/r/stocks/comments/19992554,2020-04-20,AMZN,0.0688370488074832
Positive sentiment for TSLA after earnings!,431,https://www.reddit.com/r/stocks/comments/31734033,2020-04-20,TSLA,0.7931434314517953
Negative outlook on AAPL performance!,78,https://www.reddit.com/r/stocks/comments/68891040,2020-04-21,AAPL,-0.8212427829299884
Positive sentiment for MSFT after earnings!,669,https://www.reddit.com/r/stocks/comments/33644071,2020-04-21,MSFT,0.6002705140574467
Negative outlook on GOOGL performance!,960,https://www.reddit.com/r/stocks/comments/58544421,2020-04-21,GOOGL,-0.6997172315279105
Positive sentiment for AMZN after earnings!,92,https://www.reddit.com/r/stocks/comments/50202454,2020-04-21,AMZN,0.6384776203913043
Positive sentiment for TSLA after earnings!,969,https://www.reddit.com/r/stocks/comments/95988011,2020-04-21,TSLA,0.8431211842302935
AAPL shows mixed signals in the market.,319,https://www.reddit.com/r/stocks/comments/21417969,2020-04-22,AAPL,-0.4366590449149981
Negative outlook on MSFT performance!,342,https://www.reddit.com/r/stocks/comments/55189532,2020-04-22,MSFT,-0.992877731637914
Positive sentiment for GOOGL after earnings!,261,https://www.reddit.com/r/stocks/comments/10564126,2020-04-22,GOOGL,0.8391213551000387
Positive sentiment for AMZN after earnings!,992,https://www.reddit.com/r/stocks/comments/78861122,2020-04-22,AMZN,0.9886054478294584
TSLA shows mixed signals in the market.,494,https://www.reddit.com/r/stocks/comments/97714441,2020-04-22,TSLA,0.1827741470613573
AAPL shows mixed signals in the market.,66,https://www.reddit.com/r/stocks/comments/49181937,2020-04-23,AAPL,-0.24915464473851578
MSFT shows mixed signals in the market.,937,https://www.reddit.com/r/stocks/comments/77441906,2020-04-23,MSFT,0.2883972026089856
GOOGL shows mixed signals in the market.,291,https://www.reddit.com/r/stocks/comments/57564903,2020-04-23,GOOGL,-0.4817210275293087
AMZN shows mixed signals in the market.,445,https://www.reddit.com/r/stocks/comments/17313898,2020-04-23,AMZN,0.004300591858294345
Positive sentiment for TSLA after earnings!,188,https://www.reddit.com/r/stocks/comments/12111538,2020-04-23,TSLA,0.5913214477072524
AAPL shows mixed signals in the market.,911,https://www.reddit.com/r/stocks/comments/80311297,2020-04-24,AAPL,-0.4807715467567215
MSFT shows mixed signals in the market.,1,https://www.reddit.com/r/stocks/comments/28287677,2020-04-24,MSFT,-0.30339917002468875
Positive sentiment for GOOGL after earnings!,281,https://www.reddit.com/r/stocks/comments/47914067,2020-04-24,GOOGL,0.801407772898795
Negative outlook on AMZN performance!,383,https://www.reddit.com/r/stocks/comments/72102139,2020-04-24,AMZN,-0.947744427051741
Negative outlook on TSLA performance!,250,https://www.reddit.com/r/stocks/comments/36102280,2020-04-24,TSLA,-0.9281118069202936
AAPL shows mixed signals in the market.,600,https://www.reddit.com/r/stocks/comments/91453902,2020-04-25,AAPL,0.2617495921490378
Negative outlook on MSFT performance!,839,https://www.reddit.com/r/stocks/comments/46689325,2020-04-25,MSFT,-0.6719358643413029
Positive sentiment for GOOGL after earnings!,546,https://www.reddit.com/r/stocks/comments/13962645,2020-04-25,GOOGL,0.5195192519119016
Positive sentiment for AMZN after earnings!,657,https://www.reddit.com/r/stocks/comments/54180230,2020-04-25,AMZN,0.760763196638826
Positive sentiment for TSLA after earnings!,152,https://www.reddit.com/r/stocks/comments/78207713,2020-04-25,TSLA,0.5164799277667431
Negative outlook on AAPL performance!,8,https://www.reddit.com/r/stocks/comments/91176611,2020-04-26,AAPL,-0.8790465106861909
MSFT shows mixed signals in the market.,49,https://www.reddit.com/r/stocks/comments/55369369,2020-04-26,MSFT,0.34974733769363
GOOGL shows mixed signals in the market.,447,https://www.reddit.com/r/stocks/comments/87094527,2020-04-26,GOOGL,-0.26726305626317326
Negative outlook on AMZN performance!,992,https://www.reddit.com/r/stocks/comments/95472272,2020-04-26,AMZN,-0.8414508570774253
TSLA shows mixed signals in the market.,74,https://www.reddit.com/r/stocks/comments/29734621,2020-04-26,TSLA,-0.3502996450645832
Negative outlook on AAPL performance!,769,https://www.reddit.com/r/stocks/comments/59815374,2020-04-27,AAPL,-0.8584229655012126
MSFT shows mixed signals in the market.,246,https://www.reddit.com/r/stocks/comments/99719930,2020-04-27,MSFT,-0.09602301608792607
GOOGL shows mixed signals in the market.,273,https://www.reddit.com/r/stocks/comments/48143298,2020-04-27,GOOGL,0.42722345242762483
AMZN shows mixed signals in the market.,883,https://www.reddit.com/r/stocks/comments/27006719,2020-04-27,AMZN,0.014157715187752995
Positive sentiment for TSLA after earnings!,246,https://www.reddit.com/r/stocks/comments/87863881,2020-04-27,TSLA,0.5548889461563595
Positive sentiment for AAPL after earnings!,968,https://www.reddit.com/r/stocks/comments/32043103,2020-04-28,AAPL,0.6732160541477512
MSFT shows mixed signals in the market.,179,https://www.reddit.com/r/stocks/comments/33095888,2020-04-28,MSFT,-0.10671010120154434
Negative outlook on GOOGL performance!,484,https://www.reddit.com/r/stocks/comments/27569971,2020-04-28,GOOGL,-0.9173879715293705
Positive sentiment for AMZN after earnings!,333,https://www.reddit.com/r/stocks/comments/29156172,2020-04-28,AMZN,0.7884800986735998
TSLA shows mixed signals in the market.,427,https://www.reddit.com/r/stocks/comments/83860589,2020-04-28,TSLA,0.040431800291746756
Positive sentiment for AAPL after earnings!,379,https://www.reddit.com/r/stocks/comments/58729515,2020-04-29,AAPL,0.960493875039103
Negative outlook on MSFT performance!,540,https://www.reddit.com/r/stocks/comments/77796511,2020-04-29,MSFT,-0.7218931241601512
Positive sentiment for GOOGL after earnings!,714,https://www.reddit.com/r/stocks/comments/99466968,2020-04-29,GOOGL,0.6908796722311197
Negative outlook on AMZN performance!,854,https://www.reddit.com/r/stocks/comments/46534618,2020-04-29,AMZN,-0.7540693092972537
TSLA shows mixed signals in the market.,166,https://www.reddit.com/r/stocks/comments/41024958,2020-04-29,TSLA,0.44107518446392047
AAPL shows mixed signals in the market.,897,https://www.reddit.com/r/stocks/comments/73067655,2020-04-30,AAPL,-0.007389928829176995
MSFT shows mixed signals in the market.,18,https://www.reddit.com/r/stocks/comments/87672747,2020-04-30,MSFT,0.16876120179573784
GOOGL shows mixed signals in the market.,510,https://www.reddit.com/r/stocks/comments/61748084,2020-04-30,GOOGL,-0.4829363422901207
AMZN shows mixed signals in the market.,583,https://www.reddit.com/r/stocks/comments/94782800,2020-04-30,AMZN,-0.43359616175678517
Negative outlook on TSLA performance!,676,https://www.reddit.com/r/stocks/comments/42327394,2020-04-30,TSLA,-0.8801167079095757
AAPL shows mixed signals in the market.,130,https://www.reddit.com/r/stocks/comments/73221347,2020-05-01,AAPL,0.2076734500237758
Positive sentiment for MSFT after earnings!,463,https://www.reddit.com/r/stocks/comments/99952097,2020-05-01,MSFT,0.6859804687847724
Negative outlook on GOOGL performance!,908,https://www.reddit.com/r/stocks/comments/28266664,2020-05-01,GOOGL,-0.6751582396857239
AMZN shows mixed signals in the market.,53,https://www.reddit.com/r/stocks/comments/77778246,2020-05-01,AMZN,-0.33735819593879035
Negative outlook on TSLA performance!,80,https://www.reddit.com/r/stocks/comments/23935893,2020-05-01,TSLA,-0.9201854931334317
Negative outlook on AAPL performance!,454,https://www.reddit.com/r/stocks/comments/71964644,2020-05-02,AAPL,-0.6538729173715692
Positive sentiment for MSFT after earnings!,138,https://www.reddit.com/r/stocks/comments/21531241,2020-05-02,MSFT,0.7094341652767939
Negative outlook on GOOGL performance!,209,https://www.reddit.com/r/stocks/comments/73636135,2020-05-02,GOOGL,-0.7287712751963977
Positive sentiment for AMZN after earnings!,337,https://www.reddit.com/r/stocks/comments/30880739,2020-05-02,AMZN,0.9215489274888755
TSLA shows mixed signals in the market.,612,https://www.reddit.com/r/stocks/comments/60094916,2020-05-02,TSLA,0.388989498779158
Positive sentiment for AAPL after earnings!,950,https://www.reddit.com/r/stocks/comments/66228878,2020-05-03,AAPL,0.9158828525207987
Negative outlook on MSFT performance!,269,https://www.reddit.com/r/stocks/comments/84014096,2020-05-03,MSFT,-0.6572070944648389
GOOGL shows mixed signals in the market.,88,https://www.reddit.com/r/stocks/comments/85564850,2020-05-03,GOOGL,-0.006193957993831711
AMZN shows mixed signals in the market.,0,https://www.reddit.com/r/stocks/comments/42620125,2020-05-03,AMZN,0.4849201921541262
TSLA shows mixed signals in the market.,257,https://www.reddit.com/r/stocks/comments/97036595,2020-05-03,TSLA,0.22864079500519852
AAPL shows mixed signals in the market.,927,https://www.reddit.com/r/stocks/comments/29384725,2020-05-04,AAPL,-0.2367770104655038
MSFT shows mixed signals in the market.,514,https://www.reddit.com/r/stocks/comments/30806976,2020-05-04,MSFT,-0.49996039738086906
GOOGL shows mixed signals in the market.,159,https://www.reddit.com/r/stocks/comments/69369935,2020-05-04,GOOGL,0.07514483784445236
Positive sentiment for AMZN after earnings!,398,https://www.reddit.com/r/stocks/comments/91982492,2020-05-04,AMZN,0.8045141240724576
TSLA shows mixed signals in the market.,237,https://www.reddit.com/r/stocks/comments/42085060,2020-05-04,TSLA,0.37433679768558425
AAPL shows mixed signals in the market.,155,https://www.reddit.com/r/stocks/comments/66774828,2020-05-05,AAPL,-0.2979499549259048
Negative outlook on MSFT performance!,984,https://www.reddit.com/r/stocks/comments/68902488,2020-05-05,MSFT,-0.7773953122216073
GOOGL shows mixed signals in the market.,447,https://www.reddit.com/r/stocks/comments/30256933,2020-05-05,GOOGL,0.3434867300607294
AMZN shows mixed signals in the market.,746,https://www.reddit.com/r/stocks/comments/11561459,2020-05-05,AMZN,0.4376921449002731
TSLA shows mixed signals in the market.,141,https://www.reddit.com/r/stocks/comments/63149264,2020-05-05,TSLA,0.43516529036191476
Negative outlook on AAPL performance!,144,https://www.reddit.com/r/stocks/comments/21540156,2020-05-06,AAPL,-0.6965212510261161
MSFT shows mixed signals in the market.,790,https://www.reddit.com/r/stocks/comments/10650505,2020-05-06,MSFT,-0.40591666931006
GOOGL shows mixed signals in the market.,441,https://www.reddit.com/r/stocks/comments/67767705,2020-05-06,GOOGL,-0.041546089549996834
AMZN shows mixed signals in the market.,641,https://www.reddit.com/r/stocks/comments/43477549,2020-05-06,AMZN,-0.27308421097485014
Negative outlook on TSLA performance!,99,https://www.reddit.com/r/stocks/comments/37647474,2020-05-06,TSLA,-0.5083814860400893
AAPL shows mixed signals in the market.,594,https://www.reddit.com/r/stocks/comments/81678844,2020-05-07,AAPL,0.11429352064884624
MSFT shows mixed signals in the market.,675,https://www.reddit.com/r/stocks/comments/33284035,2020-05-07,MSFT,-0.4456894109696159
Negative outlook on GOOGL performance!,927,https://www.reddit.com/r/stocks/comments/85742732,2020-05-07,GOOGL,-0.7870698791550974
Negative outlook on AMZN performance!,693,https://www.reddit.com/r/stocks/comments/85034044,2020-05-07,AMZN,-0.5811874595079063
TSLA shows mixed signals in the market.,217,https://www.reddit.com/r/stocks/comments/77046283,2020-05-07,TSLA,-0.3434076408375859
Negative outlook on AAPL performance!,939,https://www.reddit.com/r/stocks/comments/61063541,2020-05-08,AAPL,-0.600703306808829
Negative outlook on MSFT performance!,524,https://www.reddit.com/r/stocks/comments/36480630,2020-05-08,MSFT,-0.8791453019793178
Negative outlook on GOOGL performance!,449,https://www.reddit.com/r/stocks/comments/14536441,2020-05-08,GOOGL,-0.674364447957458
Negative outlook on AMZN performance!,995,https://www.reddit.com/r/stocks/comments/12819577,2020-05-08,AMZN,-0.5255170149134627
TSLA shows mixed signals in the market.,123,https://www.reddit.com/r/stocks/comments/43798294,2020-05-08,TSLA,-0.37116645281075544
Negative outlook on AAPL performance!,802,https://www.reddit.com/r/stocks/comments/70724302,2020-05-09,AAPL,-0.7352114258228244
Negative outlook on MSFT performance!,689,https://www.reddit.com/r/stocks/comments/47418545,2020-05-09,MSFT,-0.6202942347484306
Negative outlook on GOOGL performance!,622,https://www.reddit.com/r/stocks/comments/47517139,2020-05-09,GOOGL,-0.5641341250661795
AMZN shows mixed signals in the market.,217,https://www.reddit.com/r/stocks/comments/97364243,2020-05-09,AMZN,0.03720062697808202
TSLA shows mixed signals in the market.,983,https://www.reddit.com/r/stocks/comments/98998666,2020-05-09,TSLA,0.14095640446468471
Positive sentiment for AAPL after earnings!,803,https://www.reddit.com/r/stocks/comments/56163485,2020-05-10,AAPL,0.8858866378470591
Positive sentiment for MSFT after earnings!,826,https://www.reddit.com/r/stocks/comments/33565998,2020-05-10,MSFT,0.6257098582977483
Negative outlook on GOOGL performance!,756,https://www.reddit.com/r/stocks/comments/46169849,2020-05-10,GOOGL,-0.9117723475698372
Positive sentiment for AMZN after earnings!,656,https://www.reddit.com/r/stocks/comments/87412308,2020-05-10,AMZN,0.9873569928518013
TSLA shows mixed signals in the market.,311,https://www.reddit.com/r/stocks/comments/29881776,2020-05-10,TSLA,-0.39941613078181404
AAPL shows mixed signals in the market.,531,https://www.reddit.com/r/stocks/comments/34453593,2020-05-11,AAPL,0.39764027549322045
Positive sentiment for MSFT after earnings!,12,https://www.reddit.com/r/stocks/comments/21361234,2020-05-11,MSFT,0.8496140838827104
GOOGL shows mixed signals in the market.,511,https://www.reddit.com/r/stocks/comments/58857332,2020-05-11,GOOGL,-0.09088409259557251
AMZN shows mixed signals in the market.,773,https://www.reddit.com/r/stocks/comments/20412908,2020-05-11,AMZN,0.10754451528193654
TSLA shows mixed signals in the market.,728,https://www.reddit.com/r/stocks/comments/34589106,2020-05-11,TSLA,-0.13227416522781277
Positive sentiment for AAPL after earnings!,289,https://www.reddit.com/r/stocks/comments/76473710,2020-05-12,AAPL,0.5942369813083948
Positive sentiment for MSFT after earnings!,794,https://www.reddit.com/r/stocks/comments/75131150,2020-05-12,MSFT,0.9464492649938716
Negative outlook on GOOGL performance!,691,https://www.reddit.com/r/stocks/comments/57266566,2020-05-12,GOOGL,-0.5170337395533449
AMZN shows mixed signals in the market.,949,https://www.reddit.com/r/stocks/comments/55893432,2020-05-12,AMZN,0.3705908110601699
TSLA shows mixed signals in the market.,270,https://www.reddit.com/r/stocks/comments/38910227,2020-05-12,TSLA,0.3042240663389728
Negative outlook on AAPL performance!,144,https://www.reddit.com/r/stocks/comments/76941481,2020-05-13,AAPL,-0.7982462940687876
Negative outlook on MSFT performance!,777,https://www.reddit.com/r/stocks/comments/71271439,2020-05-13,MSFT,-0.6570866655822378
Negative outlook on GOOGL performance!,607,https://www.reddit.com/r/stocks/comments/68150297,2020-05-13,GOOGL,-0.683682412118273
Negative outlook on AMZN performance!,288,https://www.reddit.com/r/stocks/comments/97050653,2020-05-13,AMZN,-0.9314917042231106
Positive sentiment for TSLA after earnings!,188,https://www.reddit.com/r/stocks/comments/62276162,2020-05-13,TSLA,0.6489484871375424
Positive sentiment for AAPL after earnings!,617,https://www.reddit.com/r/stocks/comments/47389794,2020-05-14,AAPL,0.8744888968928242
MSFT shows mixed signals in the market.,155,https://www.reddit.com/r/stocks/comments/87154484,2020-05-14,MSFT,-0.17506874764334612
GOOGL shows mixed signals in the market.,285,https://www.reddit.com/r/stocks/comments/61522244,2020-05-14,GOOGL,0.4792880310125329
AMZN shows mixed signals in the market.,68,https://www.reddit.com/r/stocks/comments/43686090,2020-05-14,AMZN,0.12370654785674207
Negative outlook on TSLA performance!,803,https://www.reddit.com/r/stocks/comments/50864670,2020-05-14,TSLA,-0.7439549277507038
Negative outlook on AAPL performance!,275,https://www.reddit.com/r/stocks/comments/22074034,2020-05-15,AAPL,-0.7327648746186504
Positive sentiment for MSFT after earnings!,744,https://www.reddit.com/r/stocks/comments/83071455,2020-05-15,MSFT,0.8654844696263719
Negative outlook on GOOGL performance!,627,https://www.reddit.com/r/stocks/comments/15178020,2020-05-15,GOOGL,-0.6181729366723792
Negative outlook on AMZN performance!,940,https://www.reddit.com/r/stocks/comments/51721445,2020-05-15,AMZN,-0.5696594465444549
Positive sentiment for TSLA after earnings!,528,https://www.reddit.com/r/stocks/comments/65328840,2020-05-15,TSLA,0.7208901608999252
Positive sentiment for AAPL after earnings!,181,https://www.reddit.com/r/stocks/comments/50366319,2020-05-16,AAPL,0.6256873925838309
Positive sentiment for MSFT after earnings!,225,https://www.reddit.com/r/stocks/comments/33820626,2020-05-16,MSFT,0.5337790759055956
Positive sentiment for GOOGL after earnings!,674,https://www.reddit.com/r/stocks/comments/80658462,2020-05-16,GOOGL,0.8955808926190332
AMZN shows mixed signals in the market.,787,https://www.reddit.com/r/stocks/comments/55732476,2020-05-16,AMZN,0.19568906803152908
TSLA shows mixed signals in the market.,917,https://www.reddit.com/r/stocks/comments/80931498,2020-05-16,TSLA,-0.011436951965756448
AAPL shows mixed signals in the market.,783,https://www.reddit.com/r/stocks/comments/73041152,2020-05-17,AAPL,0.46608063911421316
Negative outlook on MSFT performance!,734,https://www.reddit.com/r/stocks/comments/64467893,2020-05-17,MSFT,-0.597151151424131
Positive sentiment for GOOGL after earnings!,262,https://www.reddit.com/r/stocks/comments/70915544,2020-05-17,GOOGL,0.5212349649296022
AMZN shows mixed signals in the market.,497,https://www.reddit.com/r/stocks/comments/53816877,2020-05-17,AMZN,-0.33082833901224507
Positive sentiment for TSLA after earnings!,926,https://www.reddit.com/r/stocks/comments/26166898,2020-05-17,TSLA,0.9384607098065969
Negative outlook on AAPL performance!,319,https://www.reddit.com/r/stocks/comments/46435029,2020-05-18,AAPL,-0.8066547147382483
MSFT shows mixed signals in the market.,646,https://www.reddit.com/r/stocks/comments/77312243,2020-05-18,MSFT,0.31416762444652413
Positive sentiment for GOOGL after earnings!,327,https://www.reddit.com/r/stocks/comments/18555213,2020-05-18,GOOGL,0.9007355684063958
Negative outlook on AMZN performance!,302,https://www.reddit.com/r/stocks/comments/86192608,2020-05-18,AMZN,-0.5742498469125028
TSLA shows mixed signals in the market.,28,https://www.reddit.com/r/stocks/comments/85844290,2020-05-18,TSLA,0.35789267822412585
Negative outlook on AAPL performance!,34,https://www.reddit.com/r/stocks/comments/81944681,2020-05-19,AAPL,-0.642793064457716
Positive sentiment for MSFT after earnings!,281,https://www.reddit.com/r/stocks/comments/96284617,2020-05-19,MSFT,0.6633882937963007
GOOGL shows mixed signals in the market.,500,https://www.reddit.com/r/stocks/comments/65892865,2020-05-19,GOOGL,0.20007479964368557
Negative outlook on AMZN performance!,551,https://www.reddit.com/r/stocks/comments/32104047,2020-05-19,AMZN,-0.6105567568054626
TSLA shows mixed signals in the market.,235,https://www.reddit.com/r/stocks/comments/86589738,2020-05-19,TSLA,0.3752637849905853
AAPL shows mixed signals in the market.,690,https://www.reddit.com/r/stocks/comments/86311789,2020-05-20,AAPL,0.18805515041477094
Positive sentiment for MSFT after earnings!,374,https://www.reddit.com/r/stocks/comments/60397292,2020-05-20,MSFT,0.7233660402737718
GOOGL shows mixed signals in the market.,709,https://www.reddit.com/r/stocks/comments/98790413,2020-05-20,GOOGL,-0.29295904411967766
Negative outlook on AMZN performance!,728,https://www.reddit.com/r/stocks/comments/55280827,2020-05-20,AMZN,-0.8994833908361097
TSLA shows mixed signals in the market.,27,https://www.reddit.com/r/stocks/comments/44384758,2020-05-20,TSLA,-0.07433067491929157
Negative outlook on AAPL performance!,394,https://www.reddit.com/r/stocks/comments/27470219,2020-05-21,AAPL,-0.9710753537232728
MSFT shows mixed signals in the market.,80,https://www.reddit.com/r/stocks/comments/99997811,2020-05-21,MSFT,-0.1020484683705849
GOOGL shows mixed signals in the market.,740,https://www.reddit.com/r/stocks/comments/32581943,2020-05-21,GOOGL,0.08742879969666784
Negative outlook on AMZN performance!,227,https://www.reddit.com/r/stocks/comments/36217251,2020-05-21,AMZN,-0.7789469410891547
TSLA shows mixed signals in the market.,606,https://www.reddit.com/r/stocks/comments/53038923,2020-05-21,TSLA,-0.06700428495742217
Negative outlook on AAPL performance!,581,https://www.reddit.com/r/stocks/comments/65651428,2020-05-22,AAPL,-0.7578906457863646
Negative outlook on MSFT performance!,955,https://www.reddit.com/r/stocks/comments/19927599,2020-05-22,MSFT,-0.6984165810178935
Positive sentiment for GOOGL after earnings!,1000,https://www.reddit.com/r/stocks/comments/45796743,2020-05-22,GOOGL,0.9018031843854311
Negative outlook on AMZN performance!,634,https://www.reddit.com/r/stocks/comments/93926473,2020-05-22,AMZN,-0.6788776745341314
TSLA shows mixed signals in the market.,741,https://www.reddit.com/r/stocks/comments/10964558,2020-05-22,TSLA,-0.4756352738393399
AAPL shows mixed signals in the market.,597,https://www.reddit.com/r/stocks/comments/33799574,2020-05-23,AAPL,0.02677302946967486
Negative outlook on MSFT performance!,728,https://www.reddit.com/r/stocks/comments/74811156,2020-05-23,MSFT,-0.5052203652115923
GOOGL shows mixed signals in the market.,417,https://www.reddit.com/r/stocks/comments/64286583,2020-05-23,GOOGL,-0.1472464775423381
Negative outlook on AMZN performance!,614,https://www.reddit.com/r/stocks/comments/45806655,2020-05-23,AMZN,-0.8268898883197575
TSLA shows mixed signals in the market.,422,https://www.reddit.com/r/stocks/comments/29754994,2020-05-23,TSLA,-0.28685992032283814
Positive sentiment for AAPL after earnings!,625,https://www.reddit.com/r/stocks/comments/85369758,2020-05-24,AAPL,0.7160564603054336
Negative outlook on MSFT performance!,840,https://www.reddit.com/r/stocks/comments/93982989,2020-05-24,MSFT,-0.8132060022587986
GOOGL shows mixed signals in the market.,737,https://www.reddit.com/r/stocks/comments/28347613,2020-05-24,GOOGL,0.3755411684452268
Negative outlook on AMZN performance!,178,https://www.reddit.com/r/stocks/comments/52757591,2020-05-24,AMZN,-0.8913886783175511
TSLA shows mixed signals in the market.,694,https://www.reddit.com/r/stocks/comments/99723065,2020-05-24,TSLA,0.11173644762967094
AAPL shows mixed signals in the market.,886,https://www.reddit.com/r/stocks/comments/56663519,2020-05-25,AAPL,0.3667410554069759
Negative outlook on MSFT performance!,360,https://www.reddit.com/r/stocks/comments/66981551,2020-05-25,MSFT,-0.6126693486063663
GOOGL shows mixed signals in the market.,710,https://www.reddit.com/r/stocks/comments/11776334,2020-05-25,GOOGL,0.4843008813558123
AMZN shows mixed signals in the market.,265,https://www.reddit.com/r/stocks/comments/58055843,2020-05-25,AMZN,0.3204670193396466
TSLA shows mixed signals in the market.,801,https://www.reddit.com/r/stocks/comments/45409316,2020-05-25,TSLA,0.15934961757999822
Negative outlook on AAPL performance!,632,https://www.reddit.com/r/stocks/comments/39451518,2020-05-26,AAPL,-0.64057181864616
MSFT shows mixed signals in the market.,477,https://www.reddit.com/r/stocks/comments/60573010,2020-05-26,MSFT,-0.31377857655811603
Positive sentiment for GOOGL after earnings!,104,https://www.reddit.com/r/stocks/comments/79425486,2020-05-26,GOOGL,0.686297025005234
AMZN shows mixed signals in the market.,629,https://www.reddit.com/r/stocks/comments/91058234,2020-05-26,AMZN,0.27408504187315863
Positive sentiment for TSLA after earnings!,652,https://www.reddit.com/r/stocks/comments/12166292,2020-05-26,TSLA,0.7743115197656245
